media,area_of_influence,ojd,CCAA,PROV,AREA,platform,PGD,distribution,Origin
fibwidiario.com,Balears,,IB,IB,,digital,,,AMIC
laconca51.cat,Catalunya,OJD,CAT,CAT,,digital,,,AMIC
festacatalunya.cat,ori,OJD,CAT,CAT,,digital,,,AMIC
adolescents.cat,Catalunya,OJD,CAT,CAT,,digital,,,AMIC
eldiari.online,Castelló,,PV,PV,,digital,,,AMIC
laopiniondetorrent.es,"Torrent, València",,PV,PV,V,digital,,,AMIC
campingscat.com,Catalunya,OJD,CAT,CAT,,digital,,,AMIC
Catalunyareligio.cat  ,Catalunya,OJD,CAT,CAT,,digital,,,AMIC
adolescents.cat,Catalunya,no OJD,CAT,CAT,,digital,,,AMIC
sapsque.com,"Badalona, Barcelonès",no OJD,CAT,B,,digital,,,AMIC
apuntmenorca.com,Manacor i comarca,,IB,IB,me,digital,,,AMIC
laveudalginet.es,València,,PV,PV,V,digital,,,AMIC
fosbury.cat,Catalunya,OJD,CAT,CAT,,digital,,,AMIC
tornaveu.cat,Catalunya,OJD,CAT,CAT,,digital,,,AMIC
escenacultural.net,,,PV,PV,,digital,,,AMIC
diaridebenicassim.com,Castelló,,PV,PV,,digital,,,AMIC
exterior.cat,Catalunya ,no OJD,CAT,CAT,,digital,,,AMIC
areavisual.cat,Catalunya,no OJD,CAT,CAT,,digital,,,AMIC
elnostreciutat.com (elnostreperiodic.com),Pais Valencià,,PV,PV,Al,digital,,,AMIC
gentedelasafor.es,Pais Valencià,,PV,PV,V,digital,,,AMIC
noticiasmarinaalta.es ,Pais Valencià,,PV,PV,V,digital,,,AMIC
comunicacio21.cat,Catalunya,OJD,CAT,CAT,,digital,,,AMIC
media.cat,Catalunya,no OJD,CAT,CAT,,digital,,,AMIC
Núvol.com,Catalunya,OJD,CAT,CAT,,digital,,,AMIC
cultura21.cat,Catalunya,no OJD,CAT,CAT,,digital,,,AMIC
frontissa.cat,Catalunya,no OJD,CAT,CAT,,digital,,,AMIC
culturalia.club,Andorra i pirineus,,AD,AND,,digital,,,AMIC
surtdecasa.cat,Catalunya ,OJD,CAT,CAT,varisIP,digital,,,AMIC
sies.tv,Catalunya,no OJD,CAT,CAT,,digital,,,AMIC
festadirecte.cat,Catalunya,OJD,CAT,CAT,,digital,,,AMIC
festescatalunya.com,Catalunya,no OJD,CAT,CAT,,digital,,,AMIC
revistamirall.com,Catalunya,OJD,CAT,CAT,,digital,,,AMIC
culturaipaisatge.cat ,Comarques de Tarragona i Urgell,no OJD,CAT,T,,digital,,,AMIC
tempsarts.cat,Pais Valencià,,PV,PV,,digital,,,AMIC
verlanga.com,Pais Valencià,,PV,PV,V,digital,,,AMIC
elculturista.cat,Barcelona Ciutat,no OJD,CAT,B,,digital,,,AMIC
espai.media,Catalunya,no OJD,CAT,CAT,,digital,,,AMIC
diaridelallengua.cat,Catalunya,no OJD,CAT,CAT,,digital,,,AMIC
aboriginemag.com,Catalunya,no OJD,CAT,CAT,,digital,,,AMIC
donesdigital.cat,Catalunya,no OJD,CAT,CAT,,digital,,,AMIC
elmon.cat ,Catalunya,OJD,CAT,CAT,,digital,,,AMIC
jornal.cat,Catalunya,OJD,CAT,CAT,,digital,,,AMIC
diarieducacio.cat,Catalunya,OJD,CAT,CAT,,digital,,,AMIC
inediteducacion.com ( ineditweb.es),Catalunya,no OJD,CAT,CAT,,digital,,,AMIC
elmoncasteller.cat,"Catalunya,El Principat, principalment i territoris de parla catalana",OJD,CAT,CAT,,digital,,,AMIC
vadevi.cat,Catalunya,OJD,CAT,CAT,,digital,,,AMIC
valledeelda.com,Pais Valencià,,PV,AL,,digital,,,AMIC
viaempresa.cat,Catalunya,OJD,CAT,CAT,,digital,,,AMIC
carrerlliure.cat,Catalunya,no OJD,CAT,CAT,,digital,,,AMIC
canalte24.cat ,Tarragona i terres de l'Ebre,no OJD,CAT,T,,digital,,,AMIC
esportsradio.cat,Catalunya (radio),no OJD,CAT,CAT,,digital,,,AMIC
larepublicaesportiva.cat ,Catalunya,OJD,CAT,CAT,,digital,,,AMIC
mon,Catalunya,OJD,CAT,CAT,,digital,,,AMIC
esportbalear.es,Balears,,IB,IB,,digital,,,AMIC
esportandreuenc.cat,"Sant Andreu, Barcelona (radio)",no OJD,CAT,B,,digital,,,AMIC
lapositiva.cat,Catalunya,no OJD,CAT,CAT,,digital,,,AMIC
escaparatedigital.com,Pais Valencià,,PV,PV,Al,digital,,,AMIC
elgourmetcatala.cat,Catalunya,no OJD,CAT,CAT,,digital,,,AMIC
foodiesonmenorca.com,"Menorca, Illes Balears i territoris de parla catalana",,IB,IB,me,digital,,,AMIC
gastronomicament.cat,Mallorca,,IB,IB,ma,digital,,,AMIC
vadegust.cat, paisos catalans ,OJD,CAT,CAT,,digital,,,AMIC
balearsvadegust.cat,Balears i paisos catalans ,,IB,IB,,digital,,,AMIC
hibridosyelectricos.com(publico.es),"Nacional, Catalunya",OJD,CAT,ESCAT,,digital,,,AMIC
diaridelmaestrat.com,València,,PV,PV,cast,digital,,,AMIC
el9nou.cat ,Osona,OJD,CAT,B,cc,digital,,,AMIC
el9nou.cat ,Vallès oriental,OJD,CAT,B,,digital,,,AMIC
regio7.cat,Catalunya Central,OJD,CAT,B,cc,digital,,,AMIC
eltemps.cat,Pais Valencià,,PV,PV,,digital,,,AMIC
metadata.cat,Catalunya,no OJD,CAT,CAT,,digital,,,AMIC
blanquinegres.com,Pais Valencià,,PV,PV,,digital,,,AMIC
Junior-report.cat,Catalunya,OJD,CAT,CAT,,digital,,,AMIC
saplaca.cat,Mallorca,,IB,IB,ma,digital,,,AMIC
totpla.cat,Pla de Mallorca,,IB,IB,mi.,digital,,,AMIC
lasrepublicas.com ,Estat Espanyol (cast),OJD,CAT,ES,,digital,,,AMIC
indicadordeeconomia.com,"Catalunya, Tarragona",OJD,CAT,CAT,,digital,,,AMIC
meseconomia.cat,Catalunya,OJD,CAT,CAT,,digital,,,AMIC
penedeseconomic.com,Catalunya,no OJD,CAT,CAT,,digital,,,AMIC
la-clau.net,Catalunya i Cat nord,OJD,CAT,CATNORD,,digital,,,AMIC
lesvegueries.cat,Catalunya,OJD,CAT,CAT,,digital,,,AMIC
ara.cat,Catalunya,OJD,CAT,CAT,,digital,,,AMIC
catalunyaplural.cat ,Catalunya,OJD,CAT,CAT,,digital,,,AMIC
catalunyapress.cat,Catalunya,OJD,CAT,CAT,,digital,,,AMIC
elcritic.cat,Països catalans,OJD,CAT,CAT,,digital,,,AMIC
elmon.cat,Catalunya,OJD,CAT,CAT,,digital,,,AMIC
larepublica.cat ,Catalunya,OJD,CAT,CAT,,digital,,,AMIC
naciodigital.cat,Catalunya,OJD,CAT,CAT,,digital,,,AMIC
xcatalunya.cat,Catalunya,OJD,CAT,CAT,,digital,,,AMIC
onadigital.cat,"Catalunya,Vic (radio)",no OJD,CAT,CAT,,digital,,,AMIC
cronica.es,Pais Valencià,,PV,PV,Valencià,digital,,,AMIC
sermaestrat.com,Pais Valencià,,PV,PV,,digital,,,AMIC
somgandia.com ,València,,PV,PV,V,digital,,,AMIC
somsafor.com,València,,PV,PV,V,digital,,,AMIC
radiojove.cat,"Catalunya,Vic (radio)",no OJD,CAT,CAT,,digital,,,AMIC
aguaita.cat ,Terres de l'Ebre,OJD,CAT,T,te,digital,,,AMIC
anoiadiari.cat,Anoia,OJD,CAT,B,cc,digital,,,AMIC
aquibergueda.cat,"Berguedà, Bages Nord, Solsonès Oest",OJD,CAT,B,cc,digital,,,AMIC
baixcampradio.com,Baixcamp,OJD,CAT,T,,digital,,,AMIC
balaguer.tv,Balaguer,OJD,CAT,L,,digital,,,AMIC
bellaterradiari.cat,Bellaterra,OJD,CAT,B,amb,digital,,,AMIC
canal21ebre.com,Terres de l'Ebre,OJD,CAT,T,te,digital,,,AMIC
capgros.com,Maresme,OJD,CAT,B,amb,digital,,,AMIC
comarquesdeponent.com,comarques de Ponent,OJD,CAT,L,,digital,,,AMIC
comarquesnord.cat," Sud Tarragona, : comarques dels Ports i el Maestrat (al nord del País Valencià) i del Matarranya (al sud de Terol)",OJD,CAT,T,,digital,,,AMIC
diaridegirona.cat,Demarcació Girona,OJD,CAT,G,,digital,,,AMIC
diaridesabadell.com,Sabadell,OJD,CAT,B,amb,digital,,,AMIC
diarideterrassa.com,Terrassa,OJD,CAT,B,amb,digital,,,AMIC
diarimes.com,"Tarragonès, Reus, Camp, Ebre, Penedès",OJD,CAT,T,,digital,,,AMIC
ebredigital.cat,Terres de l'Ebre,OJD,CAT,T,te,digital,,,AMIC
eixdiari.cat,"Garraf, Penedès",OJD,CAT,B,,digital,,,AMIC
elcargol.com,"Penedès, Garraf, Anoia",OJD,CAT,B,,digital,,,AMIC
elcugatenc.cat,Sant Cugat del Vallès,OJD,CAT,B,amb,digital,,,AMIC
empordà.info,Empordà,OJD,CAT,G,,digital,,,AMIC
expresdesantandreu.cat,"Barcelonès, Barri Sant Andreu",OJD,CAT,B,amb,digital,,,AMIC
gerio.cat,Girona,OJD,CAT,G,,digital,,,AMIC
infoanoia.cat,anoia,OJD,CAT,B,cc,digital,,,AMIC
infocamp.cat,"Tarragonès,camp de Tarragona",OJD,CAT,T,ct,digital,,,AMIC
isabadell.cat,Sabadell,OJD,CAT,B,amb,digital,,,AMIC
labustia.cat,Baix Llobregat nord,OJD,CAT,B,amb,digital,,,AMIC
laciutat.cat,"territorials Catalunya, AND",OJD,CAT,CATAND,varisIP,digital,,,AMIC
lafurapenedes.cat,Penedés,OJD,CAT,B,,digital,,,AMIC
laguiadereus.com,Reus,OJD,CAT,T,ct,digital,,,AMIC
lamanyana.cat,"lleida, Demarcació de Lleida",OJD,CAT,L,,digital,,,AMIC
lapremsadelbaix.es,BaixLlobregat,OJD,CAT,B,amb,digital,,,AMIC
líniaciutatvella.cat,Barcelonès,OJD,CAT,B,amb,digital,,,AMIC
liniacornella.cat,Baix Llobregat,OJD,CAT,B,amb,digital,,,AMIC
líniaeixample.cat,Barcelonès,OJD,CAT,B,amb,digital,,,AMIC
líniagracia.cat,Barcelonès,OJD,CAT,B,amb,digital,,,AMIC
líniahorta.cat,Barcelonès,OJD,CAT,B,amb,digital,,,AMIC
liniahospitalet.cat,Barcelonès,OJD,CAT,B,amb,digital,,,AMIC
línialescorts.cat,Barcelonès,OJD,CAT,B,amb,digital,,,AMIC
liniamar.cat,Baix Llobregat,OJD,CAT,B,amb,digital,,,AMIC
línianord.cat,"Badalona, Barcelonès",OJD,CAT,B,amb,digital,,,AMIC
línianoubarris.cat,Barcelonès,OJD,CAT,B,amb,digital,,,AMIC
liniarambla.cat,Barcelonès,OJD,CAT,B,amb,digital,,,AMIC
líniasantandreu.cat,Barcelonès,OJD,CAT,B,amb,digital,,,AMIC
líniasantmarti.cat,Barcelonès,OJD,CAT,B,amb,digital,,,AMIC
líniasants.cat,Barcelonès,OJD,CAT,B,amb,digital,,,AMIC
líniasarria.cat,Barcelonès,OJD,CAT,B,amb,digital,,,AMIC
liniatres.cat,Baix Llobregat,OJD,CAT,B,amb,digital,,,AMIC
líniavalles.cat,Vallès Oriental,OJD,CAT,B,amb,digital,,,AMIC
lleida.com,Lleida i prov de lleida,OJD,CAT,L,,digital,,,AMIC
lleidadiari.cat ,lleida i comarques de Lleida,OJD,CAT,L,,digital,,,AMIC
manresadiari.cat ,Bages,OJD,CAT,B,cc,digital,,,AMIC
marfanta.com,Terres de l'Ebre,OJD,CAT,T,te,digital,,,AMIC
mesebre.cat,Terres de l'Ebre,OJD,CAT,T,te,digital,,,AMIC
mesosona.cat,Osona,OJD,CAT,B,cc,digital,,,AMIC
mollerussa.tv,Mollerussa,OJD,CAT,L,,digital,,,AMIC
molletama.cat,Mollet i baix Vallès Oriental,OJD,CAT,B,amb,digital,,,AMIC
monterrassa.cat,Terrassa,OJD,CAT,B,amb,digital,,,AMIC
monterrassa.cat,Castellbisbal,OJD,CAT,B,amb,digital,,,AMIC
naciodigital.cat,Baix montseny/ Vallès Or i la Selva,OJD,CAT,B,,digital,,,AMIC
naciodigital.cat,Baix Penedés,OJD,CAT,T,ct,digital,,,AMIC
naciodigital.cat,Berguedà,OJD,CAT,B,,digital,,,AMIC
naciodigital.cat,El Ripollès,OJD,CAT,GI,gi,digital,,,AMIC
naciodigital.cat,Garrotxa,OJD,CAT,GI,gi,digital,,,AMIC
naciodigital.cat,Girona,OJD,CAT,GI,gi,digital,,,AMIC
naciodigital.cat,"Granollers, Vallès Oriental",OJD,CAT,B,amb,digital,,,AMIC
naciodigital.cat,Lleida,OJD,CAT,L,,digital,,,AMIC
naciodigital.cat,Manresa,OJD,CAT,B,cc,digital,,,AMIC
naciodigital.cat,Solsona,OJD,CAT,B,,digital,,,AMIC
naciodigital.cat,Osona,OJD,CAT,B,cc,digital,,,AMIC
naciodigital.cat,Sabadell,OJD,CAT,B,amb,digital,,,AMIC
naciodigital.cat,Sant Cugat del Vallès,OJD,CAT,B,amb,digital,,,AMIC
naciodigital.cat,Tarragona,OJD,CAT,T,,digital,,,AMIC
noticiestgn.cat,Tarragonès,OJD,CAT,T,ct,digital,,,AMIC
onabages.cat,Bages,OJD,CAT,B,cc,digital,,,AMIC
pallarsdigital.cat,Pallars Jussà i Sobirà,OJD,CAT,L,,digital,,,AMIC
rctgn.cat,Camp de Tarragona,OJD,CAT,T,,digital,,,AMIC
reusdigital.cat,Baix Camp,OJD,CAT,T,ct,digital,,,AMIC
revistacambrils.cat,"Tarragonès, Cambrils, Vandellòs i Hospitalet de l’Infant",OJD,CAT,T,,digital,,,AMIC
rubitv.cat (grup naciodigital),Rubí,OJD,CAT,B,amb,digital,,,AMIC
somgranollers.cat ,"Granollers, Vallès Oriental",OJD,CAT,B,amb,digital,,,AMIC
somlallagosta.cat,"Vallès Oriental, LaLlagosta",OJD,CAT,B,amb,digital,,,AMIC
somlesfranqueses.cat,"Vallès Oriental, Les Franqueses",OJD,CAT,B,amb,digital,,,AMIC
sommartorelles.cat,"Vallès Oriental, Martorelles",OJD,CAT,B,amb,digital,,,AMIC
sommollet.com,Vallès Oriental,OJD,CAT,B,amb,digital,,,AMIC
sommontmeló.cat,"Vallès Oriental, Montmeló",OJD,CAT,B,amb,digital,,,AMIC
sommontornès.cat,"Vallès Oriental, Montornés",OJD,CAT,B,amb,digital,,,AMIC
somparets.cat,"Vallès Oriental, Parets",OJD,CAT,B,amb,digital,,,AMIC
somsantfost.cat,"Vallès Oriental, Sant Fost",OJD,CAT,B,amb,digital,,,AMIC
somvalles.cat ,Vallès Oriental,OJD,CAT,B,amb,digital,,,AMIC
tarragona21.com ,"Tarragonès, Baix Camp",OJD,CAT,T,,digital,,,AMIC
tarragonadigital.com,Demarcació Tarragona,OJD,CAT,T,ct,digital,,,AMIC
tarrega.tv,Tàrrega,OJD,CAT,L,,digital,,,AMIC
tdbactualitat.cat,"Torredembarra, Baix Gaià (Tarragonès Nord)",OJD,CAT,T,,digital,,,AMIC
Territoris.cat,"Pla d'Ugell i Garrigues, Noguera, Pirineus, Segarra, Segrià i Urgell",OJD,CAT,L,,digital,,,AMIC
totbarcelona.cat,Barcelona,OJD,CAT,B,amb,digital,,,AMIC
totcerdanyola.cat,Cerdanyola,OJD,CAT,B,amb,digital,,,AMIC
totrubi.cat,Rubí,OJD,CAT,B,amb,digital,,,AMIC
totsantcugat.cat,Vallès Occidental,OJD,CAT,B,amb,digital,,,AMIC
veuanoia.cat,Anoia,OJD,CAT,B,cc,digital,,,AMIC
Viumolinsderei.com,Baix Llobregat,OJD,CAT,B,amb,digital,,,AMIC
Viurealspirineus.cat,Pirineus,OJD,CAT,L,pi,digital,,,AMIC
amartorell.com,Baix Llobregat,no OJD,CAT,B,amb,digital,,,AMIC
andreuenc.cat,Barcelona,no OJD,CAT,B,amb,digital,,,AMIC
apropebre.cat,Terres de l'Ebre,no OJD,CAT,T,,digital,,,AMIC
calderi.cat,"Caldes de Montbui, Vallès Oriental",no OJD,CAT,B,,digital,,,AMIC
canalbaixpenedes.cat,Baix Penedés,no OJD,CAT,B,,digital,,,AMIC
canalreustv.cat,"Reus, Baix Camp",no OJD,CAT,T,,digital,,,AMIC
canalte.cat,Terres de l'ebre,no OJD,CAT,T,te,digital,,,AMIC
castelldefels.digital,Castelldefels i Baix Llobregat,no OJD,CAT,B,amb,digital,,,AMIC
castellvilarenc.info,Castellbell i Vilar ,no OJD,CAT,B,cc,digital,,,AMIC
cerdanyolaaldia.com,"Cerdanyola,Vallès Occ",no OJD,CAT,B,amb,digital,,,AMIC
diaridebadalona.com,"Badalona, Barcelonès",no OJD,CAT,B,amb,digital,,,AMIC
diarieljardi.cat,"Barcelonès, Sarrià, Sant Gervasi",no OJD,CAT,B,amb,digital,,,AMIC
diarisantquirze.cat,"Vallès Occ, Sant Quirze del Vallès",no OJD,CAT,B,amb,digital,,,AMIC
districte7.cat,"Barcelona, L'hospitalet del llobregat",no OJD,CAT,B,amb,digital,,,AMIC
ebreactiu.cat,"Terres de l’Ebre, Priorat, Baix Maestrat i Matarranya",no OJD,CAT,T,,digital,,,AMIC
el3.cat,sants montjuich,no OJD,CAT,B,amb,digital,,,AMIC
elbaix.cat,Baix Llobregat,no OJD,CAT,B,amb,digital,,,AMIC
elmirall.net,Sta Coloma de Gramanet,no OJD,CAT,B,amb,digital,,,AMIC
elmonic.cat,"Torredembarra, Baix Gaià (Tarragonès Nord)",no OJD,CAT,T,,digital,,,AMIC
elpoll.tv,"Llagostera, Gironès",no OJD,CAT,GI,,digital,,,AMIC
eltotbadalona.cat,"Badalona, Barcelonès",no OJD,CAT,B,amb,digital,,,AMIC
esplugues.digital,Esplugues,no OJD,CAT,B,amb,digital,,,AMIC
gava.info,"Gavà, Baix Llobregat",no OJD,CAT,B,amb,digital,,,AMIC
independent.cat,"Gràcia, Barcelona",no OJD,CAT,B,amb,digital,,,AMIC
jornalet.com,"Vall d'Aran, occitània ",no OJD,CAT,CATNORD,,digital,,,AMIC
laclau.cat,Maresme,no OJD,CAT,B,amb,digital,,,AMIC
laguait.cat,La Bisbal i Empordà,no OJD,CAT,G,,digital,,,AMIC
lamarina.cat,"Barcelonès, la marina, Sants, Montjuic",no OJD,CAT,B,amb,digital,,,AMIC
lapremsamagazine.cat,"Barcelonès, Castelldefels, Baix Llobregat",no OJD,CAT,B,amb,digital,,,AMIC
larella.cat,"Osona, Barcelona",no OJD,CAT,B,,digital,,,AMIC
lasemaineduroussillon.com,"Pyrénées-Orientales, Rosselló",no OJD,CAT,GNORD,,digital,,,AMIC
latorredebarcelona.com,Barcelona,no OJD,CAT,B,amb,digital,,,AMIC
lecositges.cat,"sitges, Sant Pere de Ribes, Garraf",no OJD,CAT,B,,digital,,,AMIC
lleida24.cat,Lleida,no OJD,CAT,L,,digital,,,AMIC
madeinperpignan.com,Perpinyà,no OJD,CAT,CATNORD,,digital,,,AMIC
marina360.cat ,La Selva maritima i alt Maresme,no OJD,CAT,B,,digital,,,AMIC
martorelltv.com,"Martorell, Baix Llobregat",no OJD,CAT,B,amb,digital,,,AMIC
montpeita.cat,Sant Fruitós de Bages i comarca del Bages,no OJD,CAT,B,cc,digital,,,AMIC
radioarrels.cat,"Cataluny Nord, Perpinya",no OJD,CAT,GNORD,,digital,,,AMIC
radiocapital.cat,Baix Empordà,no OJD,CAT,GI,,digital,,,AMIC
radiositges.com,Garraf i Alt - Baix Penedès,no OJD,CAT,B,amb,digital,,,AMIC
revistaderipollet.cat,Ripollet,no OJD,CAT,B,amb,digital,,,AMIC
revistagroc.com ,La Noguera,no OJD,CAT,L,,digital,,,AMIC
ripolletaldia.cat,"Ripollet, V.Occ",no OJD,CAT,B,amb,digital,,,AMIC
Santandreutv.com,"Baix llobregat,Sant Andreu de la Barca, Abrera, Corbera, Pallejà, Collbató, Esparraguera, Martorell, Olesa, Sant Esteve Sesrovires i Castellví de Rosanes",no OJD,CAT,B,amb,digital,,,AMIC
santboidiari.com,Baix Llobregat,no OJD,CAT,B,amb,digital,,,AMIC
sitgesactiu.com,"Sitges, Barcelona, Sant Pere de Ribes i Vilanova i la G.",no OJD,CAT,B,amb,digital,,,AMIC
tasta.cat,"Berguedà, cultura popular",no OJD,CAT,B,cc,digital,,,AMIC
teleponent.cat,"Lleida, Garrigues, Noguera, Pirineu, Pla d’Urgell, Segarra, Segrià, Solsonès i Urgell",no OJD,CAT,L,,digital,,,AMIC
tot-hospitalet.cat,"L'Hospitalet,Barcelona",no OJD,CAT,B,amb,digital,,,AMIC
totlleida.cat,"Lleida, comarques de lleida",no OJD,CAT,L,,digital,,,AMIC
uncopdull.com,Terres de l'Ebre,no OJD,CAT,T,te,digital,,,AMIC
vilapress.cat,"Baix Llobregat, Hospitalet i Bcn(cast) ",no OJD,CAT,B,amb,digital,,,AMIC
zonasec.cat,"zonaFranca , Montjuic, Poble sec Barcelona",no OJD,CAT,B,amb,digital,,,AMIC
diaridesantacoloma.com,"Sta Coloma, Barcelonès",no OJD,CAT,B,amb,digital,,,AMIC
diaridesantadria.com,"Sant Adrià, Barcelonès",no OJD,CAT,B,amb,digital,,,AMIC
aolesa.com,Baix Llobregat,no OJD,CAT,B,amb,digital,,,AMIC
amasquefa.com,Baix Llobregat,no OJD,CAT,B,amb,digital,,,AMIC
aabrera.com,Baix Llobregat,no OJD,CAT,B,amb,digital,,,AMIC
aesparraguera.com,Baix Llobregat,no OJD,CAT,B,amb,digital,,,AMIC
madeinperpignan.com,Perpinyà,,CAT NORD,CATNORD,,digital,,,AMIC
lasemaineduroussillon.com,"Pyrénées-Orientales, Rosselló",,CAT NORD,GNORD,,digital,,,AMIC
radioarrels.cat,"Cataluny Nord, Perpinya",,CAT NORD,GNORD,,digital,,,AMIC
jornalet.com,"Vall d'Aran, occitània ",,CAT NORD,CATNORD,,digital,,,AMIC
puntinformatiu.cat,Pollença,,IB,IB,ma,digital,,,AMIC
canalajuntament.cat,Catalunya,no OJD,CAT,CAT,,digital,,,AMIC
laradiodelsnens.cat ,"Catalunya,Vic (radio)",no OJD,CAT,CAT,,digital,,,AMIC
lescroniques.com,Catalunya,no OJD,CAT,CAT,,digital,,,AMIC
loest.cat,Lleida i prov de lleida,no OJD,CAT,L,,digital,,,AMIC
revistahiperbolic.com,Balears,,IB,IB,,digital,,,AMIC
ahoramarinabaixa.es,Pais Valencià,,PV,PV,V,digital,,,AMIC
laveudelsllibres.cat,Pais Valencià,,PV,PV,V,digital,,,AMIC
7diesactualitat.com," Valencià, sud de Catalunya",,PV,PV,castisudCAT,digital,,,AMIC
lamira.cat,Catalunya,OJD,CAT,CAT,,digital,,,AMIC
paris-barcelona.com,Catalunya  i França,no OJD,CAT,CATNORD,,digital,,,AMIC
suasesport.com,València,,PV,PV,,digital,,,AMIC
monplaneta.cat,Catalunya,OJD,CAT,CAT,,digital,,,AMIC
territorirural.cat (monrural.cat),"Catalunya, territoris de parla catalana, centrat al Principat",OJD,CAT,CAT,,digital,,,AMIC
enderrock.cat,Catalunya,no OJD,CAT,CAT,,digital,,,AMIC
viasona.cat,Catalunya,OJD,CAT,CAT,,digital,,,AMIC
audio.cat    (tirabol),,no OJD,CAT,,,digital,,,AMIC
onacatradio.cat,Catalunya,no OJD,CAT,CAT,,digital,,,AMIC
parlant-de-detalls.cat,Catalunya,no OJD,CAT,CAT,,digital,,,AMIC
saltramusica.cat,Balears i paisos catalans ,,IB,IB,,digital,,,AMIC
uepmallorca.app,Mallorca,,IB,IB,ma,digital,,,AMIC
lasbandasdemusica.com,Pais Valencià,,PV,PV,cast,digital,,,AMIC
latraca.net,Pais Valencià,,PV,PV,cast,digital,,,AMIC
criar.cat (grup naciodigital),Catalunya,OJD,CAT,CAT,,digital,,,AMIC
socpetit.cat,Catalunya,OJD,CAT,CAT,,digital,,,AMIC
diaritreball.cat,Catalunya,OJD,CAT,CAT,,digital,,,AMIC
qualsevolnit.cat,Barcelona,no OJD,CAT,B,amb,digital,,,AMIC
alcaldes.eu,Catalunya,no OJD,CAT,CAT,,digital,,,AMIC
laveudalgemesi.es,València,,PV,PV,V,digital,,,AMIC
formularapida.net,Catalunya,no OJD,CAT,CAT,,digital,,,AMIC
elmondelatele.cat,Catalunya,OJD,CAT,CAT,,digital,,,AMIC
barcelonaalemany.com,Catalunya  (en alemany),no OJD,CAT,CAT,,digital,,,AMIC
Lesmuntanyes.com,Pais Valencià,,PV,PV,,digital,,,AMIC
timeout.cat,Catalunya,no OJD,CAT,CAT,,digital,,,AMIC
revistaglobalclub.es,Catalunya,no OJD,CAT,CAT,,digital,,,AMIC
defrancdigital.com,Manacor i comarca,,IB,IB,ma,digital,,,AMIC
equinoxmagazine.fr,Catalunya nord i Espanya,no OJD,CAT,CATNORD,,digital,,,AMIC
equinoxmagazine.fr,Catalunya nord i Espanya,,CAT NORD,CATNORD,,digital,,,AMIC
diariodemallorca.es (P.Iberica),Illes Balears,,IB,IB,ma,digital,,,AMIC
periodicontinyent.com,Pais Valencià,,PV,PV,V,digital,,,AMIC
diacritic.cat (fotlipou.com),Catalunya,no OJD,CAT,CAT,,digital,,,AMIC
ludica.cat,Catalunya i Barcelona,no OJD,CAT,CAT,,digital,,,AMIC
radiolavallduixo.com,Pais Valencià,,PV,PV,cast,digital,,,AMIC
aquicatalunha.com.br,,no OJD,CAT,CAT,BrasiliPortugal,digital,,,AMIC
castello24.com,Pais Valencià,,PV,PV,cast,digital,,,AMIC
diarisanitat.cat,Catalunya,OJD,CAT,CAT,,digital,,,AMIC
spacelaw.net   NO PUBLI,"Internacional, Catalunya",no OJD,CAT,CAT,"enAnglès,MUNDIAL",digital,,,AMIC
Social.cat,Catalunya,OJD,CAT,CAT,,digital,,,AMIC
tresdeu.com,Pais Valencià i Paisos Catalans ,,PV,PV,,digital,,,AMIC
suhecapuntcom.com,Sueca,,PV,PV,,digital,,,AMIC
teatral.net,Catalunya ,no OJD,CAT,CAT,,digital,,,AMIC
fulldenginyeria.cat,Catalunya,no OJD,CAT,CAT,,digital,,,AMIC
racocatala.cat,Catalunya,OJD,CAT,CAT,,digital,,,AMIC
tucomarca.com ,Pais Valencià,,PV,PV,V,digital,,,AMIC
catalunyamagrada.cat,Catalunya,OJD,CAT,CAT,,digital,,,AMIC
foravila.net,Illes Balears,,IB,IB,,digital,,,AMIC
panxing.net,"Cerdanya,Bergueda, Maresme, i pirineus",OJD,CAT,CAT,,digital,,,AMIC
loclar.es,Pais Valencià,,PV,PV,V,digital,,,AMIC
portada.info,Pais Valencià,,PV,AL,Al,digital,,,AMIC
balearsvadevi.cat,Balears,,IB,IB,,digital,,,AMIC
naciodigital.cat,,OJD,CAT,,,digital,,,AMIC
segre.com,,no OJD,CAT,,,digital,,,AMIC
fetasantfeliu.cat,Sant Feliu del Llobregat,no OJD,CAT,B,amb,digital,,,AMIC
elsbruguersdigital.cat,Gava,no OJD,CAT,B,amb,digital,,,AMIC
elllobregat.com,Baix Llobregat i L'hospitalt del LL.,no OJD,CAT,B,amb,digital,,,AMIC
lavoz.cat,Castelldefels,no OJD,CAT,B,amb,digital,,,AMIC
elfar.cat,Baix Llobregat i L'hospitalt del LL.,no OJD,CAT,B,amb,digital,,,AMIC
arabalears.cat,Illes Balears,,IB,IB,,digital,,,AMIC
capvermell.org,Illes Balears,,IB,IB,ma,digital,,,AMIC
centpercent.cat,Manacor,,IB,IB,ma,digital,,,AMIC
dbalears.cat,Illes Balears,,IB,IB,,digital,,,AMIC
digitalmanacor.com,Manacor i comarca,,IB,IB,ma,digital,,,AMIC
eliris.cat,"Menorca, Illes Balears i territoris de parla catalana",,IB,IB,me,digital,,,AMIC
elsoller.cat  ,"Mallorca,",,IB,IB,ma,digital,,,AMIC
mallorcactual.com,Illes Balears,,IB,IB,ma,digital,,,AMIC
mallorcadiario.com,Mallorca,,IB,IB,ma,digital,,,AMIC
manacorcomarcal.com,Manacor i comarca,,IB,IB,ma,digital,,,AMIC
manacormanacor.com,Manacor i comarca,,IB,IB,ma,digital,,,AMIC
menorcaaldia.com,Menorca,,IB,IB,me,digital,,,AMIC
menorca.info,Menorca,,IB,IB,me,digital,,,AMIC
menorcadiario.es,Menorca,,IB,IB,me,digital,,,AMIC
noudiari.es,Ibiza i Formentera,,IB,IB,eiv,digital,,,AMIC
onamediterrania.cat ,Illes Balears,,IB,IB,,digital,,,AMIC
palmesana.com,,,IB,,,digital,,,AMIC
Periodicodeibiza.es ,Eivissa i Formentera,,IB,IB,eiv,digital,,,AMIC
revista07500.com,Manacor i comarca,,IB,IB,ma,digital,,,AMIC
saveu.cat,Illes Balears,,IB,IB,ma,digital,,,AMIC
sompollença.cat,"Mallorca, Pollença",,IB,IB,ma,digital,,,AMIC
ultimahora.es,Mallorca,,IB,IB,ma,digital,,,AMIC
viufelanitx.com,Illes Balears,,IB,IB,ma,digital,,,AMIC
firesifestes.es,Mallorca,,IB,IB,ma,digital,,,AMIC
alicantextra.com,Pais Valencià,,PV,PV,Al,digital,,,AMIC
aramultimedia.com,Pais Valencià,,PV,PV,ViAl,digital,,,AMIC
castelloextra.com,Pais Valencià,,PV,PV,cast,digital,,,AMIC
castellonoticies.com,Pais Valencià,,PV,PV,cast,digital,,,AMIC
lamarinaplaza.com,Pais Valencià,,PV,PV,V,digital,,,AMIC
revistapoble.net,Pais Valencià,,PV,PV,,digital,,,AMIC
revistasao.cat,Pais Valencià,,PV,PV,,digital,,,AMIC
tvdigitalontinyent.com,Pais Valencià,,PV,PV,,digital,,,AMIC
valenciaextra.com,Pais Valencià,,PV,PV,,digital,,,AMIC
diarilaveu.cat (nosaltreslaveu.com),Pais Valencià,,PV,PV,,digital,,,AMIC
ara.ad,"Andorra, La seu",,AD,AND,,digital,,,AMIC
elperiodic.ad,Andorra,,AD,AND,,digital,,,AMIC
forum.ad,Andorra,,AD,AND,,digital,,,AMIC
bondia.ad,"Andorra, Espanya,França",,AD,AND,,digital,,,AMIC
laciutat ,IP Andorra,,AD,AND,,digital,,,AMIC
diariandorra.ad,,,AD,,,digital,,,AMIC
20 minutos barcelona,Barcelonès ,,CAT,BCN,AMB,papel,Mitjans amb PGD,,AMIC
aquí berguedà,Berguedà,,CAT,BCN,CC,papel,Mitjans amb PGD,"Berguedà: Avià, Bagà, Berga, Borredà, Capolat, Casserres, Castell de l'Areny, Castellar de N'Hug, Castellar del Riu, Cercs, L'Espunyola, Fígols, Gironella, Gisclareny, Gòsol, Guardiola de Berguedà, Montclar de Berguedà, Montmajor, La nou de Berguedà, Olvan, La Pobla de Lillet, Puig-Reig, La Quar, Sagàs, Saldes, St. Jaume de Frontanyà, St. Julià de Cerdanyola, Sta. Maria de Merlès, Vallcebre, Vilada, Viver i Serrateix.",AMIC
aquí berguedà,,,CAT,BCN,CC,papel,Mitjans amb PGD,,AMIC
anoia diari,"Anoia, Conca de Barberà i Baix Llobregat",,CAT,BCN,CC,papel,Mitjans amb PGD,"Anoia:Argençola, Bellprat, Cabrera d'Anoia, Calaf, Calonge de Segarra, Capellades, Carme, Castellfollit de Riubregós, Castellolí, Copons, El Bruc, Els Hostalets de Pierola, Els Prats de Rei, Igualada, Jorba, La Llacuna, La Pobla de Claramunt, La Torre de Claramunt, Masquefa, Montmaneu, Òdena, Orpí, Piera, Pujalt, Rubió, Sant Martí de Tous, Sant Martí Sesgueioles, Sant Pere Sallavinera, Santa Margarida de Montbui, Santa Maria de Miralles, Vallbona d'Anoia, Veciana i Vilanova del Camí. Conca de Barberà: Santa Coloma de Queralt. Baix Llobregat: Collbató.",AMIC
capgròs mataró i maresme,Maresme,,CAT,BCN,AMB,papel,Mitjans amb PGD,"Maresme: Mataró i rodalies, Vilassar de Mar, Cabrera, Argentona, Sant Andreu de Llavaneres, Sant Vicenç de Montalt, Caldes d’Estrac i Arenys de Mar",AMIC
catalunya religió,"Barcelonès, Baix Llobregat, Vallès Occidental (una mica)",,CAT,,,papel,Mitjans amb PGD,Àrea Metropolitana i capitals de comarca,AMIC
cerdanyola al dia,Vallès Occidental,,CAT,BCN,AMB,papel,Mitjans amb PGD,Vallès Occidental: Cerdanyola del Vallès,AMIC
el nostre banyeres,Comunitat Valenciana,,PV,AL,,papel,NO PGD,Banyeres de Mariola,AMIC
comarques de ponent,"La Noguera, Segarra, Pallars Sobirà, Pallars Jussà, Urgell, Pla d'Urgell, Garrigues, Alt Urgell i Vielha",,CAT,LL,C.PONENT,papel,Mitjans amb PGD,"Urgell: Agramunt, Anglesola, Belianes, Bellpuig, Castellserà, Ciutadilla, Els Omells de na Gaia, Guimerà, La Fuliola, Maldà, Nalec, Preixana, Puigverd d’Agramunt, Sant Martí de Riucorb, Tàrrega, Tornabous, Vallbona de les Monges i Verdú i Vilagrassa. Segarra: Cervera, Els Plans de Sió, Guissona, Ivorra, Les Oluges, Massoteres, Sanaüja, Sant Guim de Freixenet, Sant Guim de la Plana, Sant Ramon, Tarroja de Segarra i Torà. Pla d'Urgell: Barbens, Bell-lloc d’Urgell, Bellvís, Castellnou de Seana, Fondarella, Golmés, Ivars d’Urgell, Linyola, Miralcamp, Mollerussa, El Palau d’Anglesola, El Poal, Sidamon, Torregrossa, Vila-sana i Vilanova de Bellpuig. Noguera: Àger, Artesa de Segre, Balaguer, Bellcaire d’Urgell, Bellmunt d’Urgell, Camarasa, Cubells, La Sentiu de Sió, Les Avellanes i Santa Linya, Menàrguens, Montgai, Os de Balaguer, Penelles, Ponts, Preixens, Térmens, Vallfogona de Balaguer i Vilanova de Meià. Garrigues: Les Borges Blanques, Arbeca i Juneda. Pallars Jussà: Abella de la Conca, Conca de Dalt, Gavet de la Conca, Isona i Conca Dellà, La Pobla de Segur, Llimiana, Talarn i Tremp. Pallars Sobirà: Rialp, Sort i Esterri d’Àneu. Alt Urgell: La Seu d’Urgell. Vielha: Arres, Bausen, Bossóst, Canejan, Es Bórdes, Les, Naut Aran, Vielha e Mijaran i Vilamós, Arties, Salardú i Baqueira. ",AMIC
cop d'ull,"Baix Ebre, Montsià, Baix Mestrat",,CAT,TGN,TE,papel,Mitjans amb PGD,"Baix Ebre: Aldover, Benifallet, Bítem (Tortosa), Camarles, Campredó, Deltebre, El Perelló, Els Regueres (Tortosa), El Raval de Jesús (Tortosa), L'Aldea, L'Ampolla, L'Ametlla de Mar,  Paüls, Roquetes, Tivenys, Tortosa, Vinallop (Tortosa), Xerta.  Montsià:  Amposta, Alcanar, Cases d'Alcanar (Alcanar), Freginals, La Galera, Godall, Masdenverge, Mas de Barberans, La Ràpita, Sant Jaume, Els Muntells (Sant Jaume d'Enveja), Poble Nou (Amposta), Sta. Bàrbara, La Sénia, Ulldecona. PAÍS VALENCIÀ: Baix Maestrat: Alcalà de Xivert, Benicarló, Càlig, Canet, Cervera, La Jana, Peñíscola, Sta. Magdalena, La Salzadella, St. Mateu, St. Rafael del Maestral, Triguera, Vinaròs i Xert.",AMIC
diari més ebre,"Montsià, Baix Ebre, Terra Alta, Ribera d'Ebre",,CAT,TGN,TE,papel,Mitjans amb PGD,"Montsià: Amposta, Sant Carles de la Ràpita, Santa Bàrbara, Godall, Alcanar, La Sénia, Les Cases de Alcanar (Alcanar), Ulldecona i Sant Jaume d'Enveja. Baix Ebre: Aldover, L'Atmella de Mar, Roquetes, Tortosa, Deltebre, El Perelló, L'Aldea, L'Ampolla, Xerta, Camarles i El Lligallo del Gànguil (Camarles). Terra Alta: Gandesa, Horta de Sant Joan i El Pinell de Brai. Ribera d'Ebre: Ascó, Flix, Móra d'Ebre i Móra la Nova.",AMIC
diari més tarragona reus i costa daurada,"Tarragonès, Baix Camp, Alt Camp, Baix Penedès",,CAT,TGN,C.TGN,papel,Mitjans amb PGD,"Tarragonès: Tarragona ciutat i barris, La Canonja (Tarragona), Vila-seca i La Pineda, Altafulla, Torredembarra, Constantí, La Pobla de Mafumet, El Morell,  Polígons Petroquímics,  Salou,  Roda de Berà, Vilallonga i Riera de Gaià. Baix Camp: Reus i barris, Riudoms, Cambrils i La Selva del Camp. Alt Camp: Valls i Alcover. Baix Penedès: El Vendrell i Calafell.",AMIC
el cargol,Alt Penedès,,CAT,BCN,PENEDÈS,papel,Mitjans amb PGD,"Alt Penedès: Avinyonet del Penedès, Les Cabanyes, Castellet i La Gornal, Castellví de la Marca, Font-Rubí, Gelida, La Granada, Mediona, Olèdola, Olesa de Bonesvalls, Pacs del Penedès, El Pla del Penedès, Pontons, Puigdàlber, Sant Cugat Sesgarrigues, Sant Llorenç d'Hortons, Sant Martí Sarroca, Sant Pere de Riudebitlles, Sant Quintí de Mediona, Sant Sadurní d'Anoia, Santa Fe del Penedès, Santa Margarida i Els Monjos, Subirats, Torrelavit, Torrelles de Foix, Vilafranca del Penedès i Vilobí del Penedès.",AMIC
el mirall.net,Barcelonès,,CAT,BCN,AMB,papel,Mitjans amb PGD,Barcelonès: Sta. Coloma de Gramenet,AMIC
el nou de l'empordà,Baix Empordà,,CAT,GI,,papel,Mitjans amb PGD,"Baix Empordà: Palafrugell, Calella de Palafrugell (Palafrugell), Llafranc (Palafrugell), Tamariu (Palafrugell), Regencós, Begur, Pals, Fontanilles, Gualta, Torroella de Montgrí, Parlavà, La Bisbal d’Empordà, Corçà, Verges, Mont-ras Palamós, Calonge, St. Antoni de Calonge, Castell-Platja d’Aro, Sant Feliu de Guíxols.",AMIC
els colors del pla de l'estany,El Pla de l'Estany,,CAT,GI,,papel,Mitjans amb PGD,"El Pla de l'Estany: Banyoles, Cornellà del Terri, Sant Miquel de Campmajor, Esponellà, Fontcoberta, Mata (Porqueres), Porqueres, Serinyà, Crespià, Camós, Vilademuls, Palol de Revardit. Garrotxa: Besalú, Mieres.",AMIC
freqüència,Bages,,CAT,BCN,CC,papel,Mitjans amb PGD,"Bages: Manresa, El Pont de Vilomara, Santpedor, Artès, Monistrol de Montserrat, Súria, Navàs, Balsareny, Sant Vicenç de Castellet, Sallent, Moià, Sant Fruitós de Bages, Sant Salvador de Guardiola, Cardona, Sant Joan de Vilatorrada i Calaf.",AMIC
gente catalunya,,,CAT,BCN,AMB,papel,Mitjans amb PGD,Barcelonès: Barcelona i l'Hospitalet de Llobregat.,AMIC
groc,La Noguera,,CAT,LL,C.PONENT,papel,Mitjans amb PGD,"La Noguera: tots els domicilis de Balaguer i a les poblacions Àger, Algerri, Bellcaire d'Urgell, Butsènit d'Urgell (Montgai), Camarasa, Castelló de Farfanya, Cubells, Gerb (Òs de Balaguer), La Fontdepou (Àger), Gerb (Òs de Balaguer) La Ràpita (Vallfogona de Balaguer), La Sentiu, Les Avellanes i Santa Linya, Menàrguens, Montgai, Os de Balaguer, Sant Llorenç de Montgai (Camarasa), Tartareu (Les Avellanes i Santa Linya), Térmens, Vallfogona de Balaguer i Vilanova de la Sal (Les Avellanes i Santa Linya).",AMIC
indicador d'economía,Totes les poblacions de Tarragona,,CAT,BCN,AMB,papel,Mitjans amb PGD,Totes les poblacions de Tarragona. Barcelona i Madrid,AMIC
la bústia del baix llobregat,Baix Llobregat Nord,,CAT,BCN,AMB,papel,Mitjans amb PGD,"Baix Llobregat Nord: Martorell, Sant Andreu de la Barca, Olesa de Montserrat, Esparreguera, Abrera, Sant Esteve Sesrovires, Collbató i Castellví de Rosanes. Alt Penedès: Gelida. Anoia: Masquefa.",AMIC
la clau,Maresme i Barcelonès,,CAT,BCN,AMB,papel,Mitjans amb PGD,"Maresme: Alella, Arenys de Mar, Argentona, Cabrera, Cabrils, Caldes d’Estrac, Canet de Mar, Dosrius, El Masnou, Mataró, Montgat, Òrrius, Premià de Dalt, Premià de Mar, Sant Andreu de Llavaneres, Sant Vicenç de Montalt, Teià, Tiana, Vallromanes, Vilassar de Dalt i Vilassar de Mar. ",AMIC
la fura,"Alt Penedès, Baix Penedès, Anoia, Garraf",,CAT,BCN,PENEDÈS,papel,Mitjans amb PGD,"Alt i Baix Penedès: Albinyana, L'Arboç, Avinyonet del Penedès,Banyeres del Penedès, Bellveí, La Bisbal del Penedès, Bonastre, Les Cabanyes, Calafell, Castellet i la Gornal, Castellví de la Marca, Cunit, Font-rubí, Gelida, La Granada, La Joncosa del Montmell (Montmell), Llorenç del Penedès, Masllorenç, Mediona, Olèrdola, Olesa de Bonesvalls, Pacs, El Pla del Penedès, Pontons, Puigdàlber, Sta Fe del Penedès, Santa Margarida i els Monjos, Sta Oliva, St Cugat Sesgarrigues, St Jaume dels Domenys, St Llorenç d'Hortons, St Martí Sarroca, St. Pere de Riudebitlles, St Quintí de Mediona, St Sadurní d'Anoia, Subirats, Torrelavit, Torrelles de Foix, el Vendrell, Vilafranca del Penedès, Vilobí del Penedès. Anoia: Cabrera d'Igualada (Cabrera d'Anoia), Capellades, els Hostalets de Pierola, La Llacuna, Masquefa, Piera, la Torre de Claramunt, Vallbona d'Anoia. Garraf: Canyelles, Cubelles, Olivella, St. Pere de Ribes i Vilanova i la Geltrú.",AMIC
la marina,Barcelona,,CAT,BCN,AMB,papel,Mitjans amb PGD,"Barcelona: Zona Franca, La Marina, Sants, Hostafranc, La Bordeta, Gran Via Sud (L'Hospitalet).",AMIC
el nostre muro,Comunitat Valenciana_Alacant,,PV,AL,,papel,NO PGD,Muro de Alcoy,AMIC
la premsa del baix,Baix Llobregat,,CAT,BCN,AMB,papel,Mitjans amb PGD,"Baix Llobregat: Castelldefels, Corbera de Llobregat, Cornellà de Llobregat, El Prat de Llobregat, Esplugues de Llobregat, Gavà, La Palma de Cervelló, Molins de Rei, Pallejà, Sant Boi de Llobregat, Sant Climent de Llobregat, Sant Feliu de Llobregat, Sant Joan Despí, Sant Just Desvern, Sant Vicenç dels Horts, Santa Coloma de Cervelló, Torrelles de Llobregat, Viladecans.",AMIC
"la torre de barcelona (ed. sarrià, sant gervasi i les corts)",Barcelonès,,CAT,BCN,AMB,papel,Mitjans amb PGD,"Barcelonès: Sarrià, Sant Gervasi i Les Corts",AMIC
la torre de barcelona - oci i cultura familiar,Barcelonès,,CAT,BCN,AMB,papel,Mitjans amb PGD,Barcelonès: Eixample dret i esquerre,AMIC
el nostre xixona,Comunitat Valenciana _ Alacant,,PV,AL,,papel,NO PGD,Xixona,AMIC
canfali marina alta,Marina Alta,,PV,AL,,papel,,"Marina Alta: Dénia, Xabia, Calp, Teulada, Benissa, Pego, Pedreguer, Ondarra, Gata, El Verger, Benitatxell, Xaló, Els Poblets, Orba, Beniarbeig, Alcacalí, Benidoleig, Lliber, Parcent, Vall de Laguart, Sanet, Rafol d'Almunia, Adsubia, Senija, Vall de Gallinera, Benichembla, Murla, Castell de Castells, Benimeli, Sagra, Tormos, Vall d'Ebo i Vall d'Alcalà",AMIC
l'enllaç dels anoiencs,Anoia,,CAT,BCN,CC,papel,Mitjans amb PGD,"Anoia: Igualada, Vilanova del Camí, Sta. Margarida de Montbui, Òdena, La Pobla de Claramunt, Capellades, Carme, Vallbona, Piera, Els Hostalets de Pierola, El Bruc, Castellolí, Jorba, Copons, Els Prats de Rei, Calaf, La Llacuna, Bellprat, La Torre, Cabrera d'Anoia, Masquefa i Sant Martí de Tous.",AMIC
l'independent de gràcia,Barcelonès,,CAT,BCN,AMB,papel,Mitjans amb PGD,Barcelona: Districte Gràcia.,AMIC
línia ciutat vella,Barcelonès,,CAT,BCN,AMB,papel,Mitjans amb PGD,Barcelonès: Districte de Ciutat Vella.,AMIC
línia cornellà,Baix Llobregat,,CAT,BCN,AMB,papel,Mitjans amb PGD,Baix Llobregat: Cornellà de Llobregat.,AMIC
línia eixample,Barcelonès,,CAT,BCN,AMB,papel,Mitjans amb PGD,Barcelonès: Districte de l'Eixample.,AMIC
línia gràcia,Barcelonès,,CAT,BCN,AMB,papel,Mitjans amb PGD,Barcelonès: Districte de Gràcia.,AMIC
línia horta,Barcelonès,,CAT,BCN,AMB,papel,Mitjans amb PGD,Barcelonès: Districte de Horta i el Guinardò.,AMIC
linia les corts,Barcelonès,,CAT,BCN,AMB,papel,Mitjans amb PGD,Barcelonès: Districte de Les Corts.,AMIC
línia l'hospitalet,Barcelonès,,CAT,BCN,AMB,papel,Mitjans amb PGD,Barcelonès: L'Hospitalet de Llobregat.,AMIC
"línia mar (ed. baix llobregat _ castelldefels, gavà, viladecans i el prat)",Baix Llobregat,,CAT,BCN,AMB,papel,Mitjans amb PGD,"Baix Llobregat: Castelldefels, Gavà, El Prat del Llobregat i Viladecans.",AMIC
línia mar (ed. baix maresme),Baix Marsme,,CAT,BCN,AMB,papel,Mitjans amb PGD,"Baix Maresme: El Masnou, Premià de Mar, Vilassar de Mar, Alella, Teià, Premià de Dalt, Vilassar de Dalt, Cabrera, Cabrils ",AMIC
línia nord (ed. barcelonès),Barcelonès Nord,,CAT,BCN,AMB,papel,Mitjans amb PGD,"Barcelonès: Badalona, Sant Adrià, Santa coloma, Tiana y Montgat.",AMIC
línia nord (ed. montserratí) _ abans: ed. baix llobregat,Baix Llobregat,,CAT,BCN,AMB,papel,Mitjans amb PGD,"Baix Llobregat: Martorell, Olesa de Montserrat, Esparraguera, Abrera, Sant Esteve Sesrovires i Collbató.",AMIC
línia nou barris,Barcelonès,,CAT,BCN,AMB,papel,Mitjans amb PGD,Barcelonès: Districte de Nou Barris.,AMIC
línia sant andreu,Barcelonès,,CAT,BCN,AMB,papel,Mitjans amb PGD,Barcelonès: Districte de Sant Andreu.,AMIC
línia sant martí,Barcelonès,,CAT,BCN,AMB,papel,Mitjans amb PGD,Barcelona: Districte Sant Martí.,AMIC
línia sants,Barcelonès,,CAT,BCN,AMB,papel,Mitjans amb PGD,Barcelona: Districte Sants i Les Corts.,AMIC
línia sarrià-sant gervasi,Barcelonès,,CAT,BCN,AMB,papel,Mitjans amb PGD,Barcelona: Districte de Sarrià i Sant Gervassi.,AMIC
"línia tres (esplugues, st joan d, st just d)",Baix Llobregat,,CAT,BCN,AMB,papel,Mitjans amb PGD,"Baix Llobregat: Esplugues del Llobregat, Sant Just Desvern i Sant Joan Despí.",AMIC
línia vallès (ed. vallès oriental),Vallès Oriental i Vallès Occidental,,CAT,BCN,V.OR,papel,Mitjans amb PGD,"Vallès Oriental: Mollet, Granollers, Parets, La Llagosta, Montornès, Montmeló, Martorelles, Santa Maria de Martorelles, Vallromanes, Lliçà de Vall, Sant Fost de Campsentelles, Vilanova del Vallès, Cardedeu, Canovelles, La Roca, Les Franqueses, L'Ametlla, La Garriga, Lliçà d'Amunt. Vallès Occidental: Santa Perpètua de la Mogoda.",AMIC
línia vallès (ed. cerdanyola),Vallès Occidental,,CAT,BCN,V.OC,papel,Mitjans amb PGD,"Vallès Occidental: Cerdanyola del Vallès, Barberà del Vallès i Ripollet.",AMIC
llevant actualitat,Tarragonès,,CAT,TGN,C.TGN,papel,Mitjans amb PGD,Tarragonès: Tarragona,AMIC
més! osona ripollès garrotxa moianès  (abans: més osona),"Osona, Ripollès",,CAT,BCN,CC,papel,Mitjans amb PGD,"Osona:  Balenyà, Calldetenes, Centelles, Folgueroles, Manlleu, Prats de Lluçanès, Roda de Ter, Rupit i Pruit, Sant Hipòlit de Voltregà, Sant Julià de Vilatorta, Sant Pere de Torelló, Sant Vicenç de Torello, Santa Eugènia de Berga, Les Masies de Voltregà (Vinyoles), L'Esquirol, Seva, Taradell, Tona, Torelló, Vic, Sant Miquel de Balenyà i Gurb. Ripollès: Ripoll, properament també a Campdevànol.",AMIC
més vila-seca,Tarragonès,,CAT,BCN,C.TGN,papel,Mitjans amb PGD,Tarragonès: Vila-Seca i barris (La Pineda i La Plana).,AMIC
mollet a mà,Vallès Oriental i Occidental,,CAT,BCN,CC,papel,Mitjans amb PGD,"Vallès Oriental: Mollet del Vallès, Sant Fost de Campsentelles, Martorelles i La Llagosta. Vallès Occidental: Santa Perpètua de Mogoda.",AMIC
"pànxing berguedà, bages i solsonès","Berguedà, Bages, Solsonès",,CAT,BCN,CC,papel,Mitjans amb PGD,"Berguedà: Avià, Bagà, Berga, Borredà, Casserres, Castell de l'Areny, Castellar de N'Hug, Castellar del Riu, Cercs, L'Espunyola, Fígols, Gironella, Gislcareny, Gósol, Guardiola de Berguedà, Montclar, Montmajor, La Nou de Berguedà, Olvan (Cal Rosal), La Pobla de Lillet, Puig-Reig, Sagàs, Saldes, St. Jaume de Frontanyà, St. Julià de Cerdanyola, Sta. Maria de Merlès, Vallcebre, Vilada, Viver i Serrateix. Bages: Manresa, Sant Fruitós del Bages, Navarcles, Artés, Avinyó, Cabrianes, Sallent, Balsareny, Navàs, Santpedor, Súria, Callús, St Joan Vilatorrada, Valls de Torroella, Cardona. Solsonès: Solsona, La Coma i la Pedra, Sant Llorenç de Morunys, Guixers, Olius, Naves, Clariana de Cardener, Castellar de la Ribera. ",AMIC
pànxing maresme,Maresme,,CAT,BCN,AMB,papel,Mitjans amb PGD,"Maresme: Alella, Arenys de Mar, Arenys de Munt, Argentona, Cabrera, Cabrils, Caldes d'Estrac, Calella, Masnou, Mataró, Pineda de Mar, Premià de Mar, Premià de Dalt, St. Andreu de Llavaneres, St. Vicenç de Montalt, Teià, Vilassar de Dalt i Vilassar de Mar.",AMIC
pànxing tot cerdanya,Cerdanya i Alt Urgell,,CAT,GI,,papel,Mitjans amb PGD,"Cerdanya: Alp-Escadarcs (Alp), La Molina (Alp), La Masella (Alp), Bellver de Cerdanya (Bellver, Baltarga), Bolvir (Bolvir, Talltorta (golfos)), Das, Fontanals de Cerdanya (Fontanals, Queixans i Urtx), Ger, Guils, Isòvol (Isòvol, All, Olopte), Lles de Cerdanya, Llívia, Meranges, Montellà-Martinet, Prats i Sansor, Prullans, Puigcerdà (Puigcerdà, Age i Villavent i St. Marc), Riu de Cerdanya (T. Cadí), Urús. Alt Urgell: La Seu d'Urgell. Cerdanya Francesa: Bourg-madame, Saillagouse i Font Romeu.",AMIC
"reclam la cerdanya, l'alt urgell",Cerdanya i Alt Urgell,,CAT,LL,PIRI,papel,Mitjans amb PGD,"La Cerdanya: Puigcerdà, La Molina (Alp), Urus, Das, Alp, Bor, Fontanals de Cerdanya, Escardarcs (Fontanals de Cerdanya), Queixans (Fontanals de Cerdanya), Llívia, Bollvir, Ger, All, Olopte, Pi, Bellver de Cerdanya, Montellà i Martinet, Meranges, Escardacs, Soriguerola, Guils de Cerdanya, Lles, Aransa, Prullans Prats i Sampsor. Alt Urgell: La Seu d'Urgell. Alta Cerdanya (Francesa): Bourg-madame, Osseja, Saillagouse, Llo, Font Romeu, Estavar, Enveitg.",AMIC
reclam magazín,"Osona, Ripollès i La Garrotxa",,CAT,BCN,CC,papel,Mitjans amb PGD,"Valles Oriental: Aiguafreda. Osona: Vic, Centelles, Tona, Els Hostalets de Balenyà (Balanyà), Seva, Balenyà Estació, Taradell, Santa Eugènia de Berga, Calldetenes, Sant Julià de Vilatorta, Folgueroles, Roda de Ter, Les Masies de Roda, Manlleu, Torellço, Sant Pere de Torelló, Sant Vicenç de Torelló, Sant Quirze de Besora, Montesquiu, Vinyoles d'Orís (Les Masies de Voltregà), Les Masies de Voltregà, Sant Hipòlit de Voltregà, La Gleva (Les Masies de Voltragà), Sant Bartomeu del Grau, La Guixa, Santa Eulàlia de Riuprimer. Ripollès: Sant Joan de les Abadeses, Campdevànol. EL 29: Olot, Argelaguer, Begudà, Besalú, Bianya, Castellfollit de la Roca, Hostalets d'en Bas, La Canya, La Pinya, Les Planes d'Hostoles, Les Preses, Montagut, Sant Esteve d'en Bas, Sant Feliu de Pallerols, Sant Jaume de Llierca, Sant Joan les Fonts, Tortellà. Ripoll.",AMIC
revista culturab _ (xarxa línia),Barcelonès,,CAT,BCN,AMB,papel,Mitjans amb PGD,Barcelonès: Barcelona i àrea metropolitana,AMIC
revista de ripollet,Vallès Occidental,,CAT,BCN,AMB,papel,Mitjans amb PGD,Vallès Occidental: Ripollet.,AMIC
revista orgull _ (xarxa línia),Barcelonès,,CAT,BCN,AMB,papel,Mitjans amb PGD,Barcelonès: Barcelona i àrea metropolitana,AMIC
santcugat magazine,Vallès Occidental,,CAT,BCN,AMB,papel,Mitjans amb PGD,Vallès Occidental: Sant Cugat del Vallès.,AMIC
see barcelona,"Barcelonès, Maresme, La Selva i Gironès",,CAT,BCN,AMB,papel,Mitjans amb PGD,"Barcelonès: Barris de l'Eixample, Gràcia, Sants, Ciutat Vella, Sant Gervasi i Sarrià). Maresme: Canet de Mar, Mataró, Calella, Santa Susanna. La Selva: Blanes i Lloret de Mar. Gironès: Aeroport de Girona.",AMIC
somgranollers,Vallès Oriental,,CAT,BCN,V.OR,papel,Mitjans amb PGD,"Vallès Oriental: Granollers (especialment), Canovelles, Cardedeu, La Roca i Les Franqueses. Menys intensivament: la Garriga i Caldes de Montbui",AMIC
somlallagosta,Vallès Oriental,,CAT,BCN,V.OR,papel,Mitjans amb PGD,Vallès Oriental: La Llagosta,AMIC
somlesfranqueses,Vallès Oriental,,CAT,BCN,V.OR,papel,Mitjans amb PGD,Vallès Oriental: Les Franqueses,AMIC
sommartorelles,Vallès Oriental,,CAT,BCN,V.OR,papel,Mitjans amb PGD,Vallès Oriental: Les Franqueses,AMIC
sommollet,Vallès Oriental,,CAT,BCN,V.OR,papel,Mitjans amb PGD,"Vallès Oriental: Mollet del Vallès, Palau-Solità i Plegamans, La Llagosta, Martorelles, Sant Fost de Campsentelles, Santa Perpètua de Mogoda, Parets, Granollers, Montornés i Montmeló.",AMIC
sommontornès,Vallès Oriental,,CAT,BCN,V.OR,papel,Mitjans amb PGD,Vallès Oriental: Montornès del Vallès,AMIC
somparets,Vallès Oriental,,CAT,BCN,V.OR,papel,Mitjans amb PGD,Vallès Oriental: Parets del Vallès,AMIC
torredembarra actualitat,Tarragonès,,CAT,TGN,C.TGN,papel,Mitjans amb PGD,"Tarragonès: Torredembarra, Altafulla, Creixell, Roda de Berà, La Pobla de Montornès, La Nou de Gaià, La Riera de Gaià, Salomó i Tarragona (zona nord)",AMIC
tot cerdanyola,Vallès Occidental,,CAT,BCN,V.OC,papel,Mitjans amb PGD,"Vallès Occidental: Cerdanyola del Vallès, Parc Tecnòlogic, Bellaterra (Cerdanyola del Vallès), Ripollet, Montflorit (Cerdanyola del Vallès).",AMIC
tot sant cugat,Vallès Occidental,,CAT,BCN,V.OC,papel,Mitjans amb PGD,"Vallès Occidental: Sant Cugat del Vallès, Valldoreix (Sant Cugat del Vallès), Mira-sol (Sant Cugat del Vallès), La Floresta (Sant Cugat del Vallès).",AMIC
tribuna maresme,Maresme,,CAT,BCN,AMB,papel,Mitjans amb PGD,"Maresme: Mataró, Alella, Arenys de Munt, Arenys de Mar, Cabrera, Cabrils, Caldes d'Estrac, El Masnou, Sant Andreu de Llavaneres, Premià de Dalt, Premia de Mar, Sant Vicenç de Montalt, Teià, Vilassar de Mar i Vilassar de Dalt.",AMIC
3 viles,Maresme,,CAT,BCN,AMB,papel,NO PGD,"Maresme: Sant Vicenç de Montalt, Sant Andreu de Llavaneres, Caldes d'Estrac.",AMIC
anoiamagazín,Anoia,,CAT,BCN,CC,papel,NO PGD,"Anoia: Igualada, Vilanova del Camí, Sta. Margarida de Montbui, Òdena, La Pobla de Claramunt, Capellades, Vallbona, Piera, El Bruc, Castellolí, Jorba, Els Prats de Rei, Calaf, La Llacuna, La Torre.",AMIC
apunt menorca,Menorca,,IB,ME,,papel,NO PGD,DEMANO,AMIC
bellaterra diari,Vallès Occidental,,CAT,BCN,V.OC,papel,NO PGD,"Bellaterra, Cerdanyola del Vallès, Sant Cugat del Vallès, Sant Quirze i Sabadell",AMIC
bondia,Andorra,,AD,,,papel,NO PGD,Andorra,AMIC
calderí,Vallès Oriental,,CAT,BCN,V.OR,papel,NO PGD,Vallès Oriental: Caldes de Montbui,AMIC
ciutadella de franc,Menorca,,IB,ME,,papel,NO PGD,Menorca: Ciutadella,AMIC
cultura i paisatge a la ruta del císter,"Tarragona, Barcelona i Lleida",,CAT,TGN,C.TGN,papel,NO PGD,"Tarragona, Barcelona i Lleida",AMIC
diari de badalona,Barcelonès i Maresme,,CAT,BCN,AMB,papel,NO PGD,"Barcelonès: Badalona, Santa Coloma de Gramenet, Sant Adrià del Besòs. Maresme: Montgat i Tiana.",AMIC
diari de rubí,Vallès Occidental,,CAT,BCN,"V,OC",papel,NO PGD,Vallès Occidental: Rubí.,AMIC
el jardí de sant gervasi i sarrià,Barcelonès,,CAT,BCN,AMB,papel,NO PGD,"BARCELONA _ DISTRICTE SARRIÀ-SANT GERVASI: La Bonanova, Monterols, Galvany, Turó Parc, El Farró, El Putxet, Sarrià, Tres Torres, Pedralbes Vallvidriera, Les Planes i El Tibidabo.",AMIC
el mònic,Tarragona,,CAT,TGN,C.TGN,papel,NO PGD,"Tarragonès: Torredembarra (centre) -  Barris> Baix a Mar i Clarà - Urbanitzacions> Sant Jordi, Els Munts, i Marítimes. Altafulla, Creixell, La Nou de Gaià, La Pobla de Montornès, La Riera de Gaià i Roda de Berà.",AMIC
7 dies actualitat de benicarló,Baix Maestrat,,PV,CAST,,papel,,"Baix Maestrat: Benicarló, Vinaròs, Peñíscola i ocasionalment pobles del voltant (nord Castelló i sud Tarragona)",AMIC
7 dies actualitat de vinaròs,Baix Maestrat,,PV,CAST,,papel,,"Baix Maestrat: Vinaròs, Benicarló, Peñíscola i ocasionalment pobles del voltant (nord Castelló i sud Tarragona)",AMIC
buris-ana,Comunitat Valenciana,,PV,CAST,,papel,,,AMIC
ciutat de carlet,Ribera Alta ,,PV,VAL,,papel,Mitjans amb PGD,Ribera Alta: Carlet.,AMIC
la opinión de torrent,València,,PV,VAL,,papel,Mitjans amb PGD,València: Localitat de Torrent exclusivament,AMIC
èxit vallès,Vallès Occidental,,CAT,BCN,V.OC,papel,NO PGD,Vallès Occidental: Sabadell,AMIC
flash deco sant cugat,Vallès Occidental,,CAT,BCN,V.OC,papel,NO PGD,Vallès Occidental: Sant Cugat ,AMIC
iluro,Maresme,,CAT,BCN,AMB,papel,NO PGD,Maresme: Mataró.,AMIC
info calafell,Baix Penedès,,CAT,TGN,C.TGN,papel,NO PGD,"Baix Penedès: Calafell (poble i platja), Segur de Calafell, Cunit (zona comercial).",AMIC
info roda,Baix Gaià,,CAT,TGN,C.TGN,papel,NO PGD,"Baix Gaià: Roda de Berà, Bonastre, Creixell (zona comercial)",AMIC
la borrufa,"Alt Urgell, Alta Ribagorça, Pallars Jussà, Pallars Sobirà, Vall d'Aran",,CAT,LL,PIRI,papel,NO PGD,"Alt Urgell: Adrall (Ribera d'Urgellet), Alàs i Cerc, Arsèguel, Castellciutat (La Seu d'Urgell), Bassella, Coll de Nargó, Estamariu, La Seu d'Urgell, Montferrer i Castellbò, Oliana, La Parroquia d'Hortó (Ribera d'Urgellet), El Pla de Sant Tirs (Ribera d'Urgellet) i Organyà, Alta Ribagorça: Barruera (La Vall de Boí), Boí (La Vall de Boí), Durro (La Vall de Boí), Erill la Vall (La Vall de Boí), Pla de l'Ermita (Vall de Boí), El Pont de Suert, Taüll (La Vall de Boí), Els Banys (El Pont de Bar) i Vilaller. Pallars Jussà: Cellers (Castell de Mur), Isona i Conca Dellà, La Pobla de Segur, Figuerola d'Orcau (Isona i Conca Dellà), La Plana de Mont-Ros (La Torre de Cabdella), La Pobleta de Bellvehí (La Torre de Cabdella), Salàs de Pallars, Senterada, Talarn, La Torre de Cabdella Vilamitjana (Tremp) i Tremp.  Pallars Sobirà: Ainet de Cardòs (Vall de Cardòs), Alins, Altron (Sort), Àreu (Alins), Baro (Soriguera), Esterri de Cardós, Farrera, La Guingueta (La Guingueta d'Àneu), Lladorre, Llavorsí, Llessui (Sort), Montardit (Sort), Olp (Sort), Rialp, Ribera de Cardós (Vall de Cardós), Rubió (Soriguera), Sort, Tírvia, Escalò (La Guingueta d'Àneu), Espot, Esterri d'Àneu, Gerri de la Sal (Baix Pallars), Peramea (Baix Pallars), Tavascan (Lladorre), València d'Àneu (Alt Àneu) i Vilamur (Soriguera) Val d'Aran: Arties (Naut Aran), Aubèrt (Vielha e Mijaran), Baquèira (Vielha e Mijaran), Bossòst, Es Bòrdes, Escunhau (Vielha e Mijaran), Salardú (Naut Aran), Tredòs (Naut Aran), Pont d'Arròs (Vielha) i Les (Val d'Aran). Segrià: Alcarràs i Lleida (Estació de Lleida). Barcelonès: Barcelona: (Estació del Nord i Palau Robert [of. Turisme Generalitat]). Baix Llobregat: Molins de Rei. Andorra: Andorra la Vella, Sant Julià, Escaldes, La Massana i Encamp.",AMIC
la guia de reus,Baix Camp,,CAT,TGN,C.TGN,papel,NO PGD,Baix Camp: Reus (Ciutat).,AMIC
la positiva,Barcelonès,,CAT,BCN,AMB,papel,NO PGD,Barcelonès: Barcelona ciutat,AMIC
la rella,"Lluçanès, Osona, Bages i Berguedà",,CAT,BCN,CC,papel,NO PGD,"Merlès, Prats de Lluçanès, Sant Feliu Sasserra, Oristà, La Torre, Santa Creu de Jutglars, Sant Martí d'Albars, Santa Eulàlia de Puig-oriol, Lluçà, Alpens, Sant Agustí de Lluçanès, Sant Boi de Lluçanès, Sobremunt, Perafita, Sant Bartomeu del Grau, Sant Quirze de Besora, Avinyò",AMIC
la veu d'alginet,Ribera Alta,,PV,VAL,,papel,Mitjans amb PGD,Ribera Alta: Alginet,AMIC
les mesures del pirineu,Alt Urgell i Cerdanya,,CAT,LL,PIRI,papel,NO PGD,"Alt Urgell: La Seu d'Urgell, Castellciutat (Seu Urgell), Montferrer i Castellbò, Aravell (Montferrer i Castellbò), Ribera d'Urgellet, Organyà, Coll de Nargó i Oliana. Cerdanya: Bellver, Martinet i Prullans.",AMIC
l'alzina,Vallès Occidental i Oriental,,CAT,BCN,V.OC,papel,NO PGD,Vallès Occidental: Palau-Solità i Plegamans. Vallès Oriental: centre de Caldes de Montbui,AMIC
l'ham,"Pla de l'Estany, Garrotxa",,CAT,GI,,papel,NO PGD,"Pla de l'Estany: Banyoles, Camós, Cornellà del Terri, Palol de Revardit, Porqueres, Sant Miquel de Campmajor, Serinyà, Vilademuls. Garrotxa: Besalú i Mieres.",AMIC
l’informatiu de palau-solità i plegamans,Vallès Oriental,,CAT,BCN,V.OR,papel,NO PGD,"Vallès Oriental: Palau-Solità i Plegamans, Caldes de Montbui, Sentmenat, Polinyà i Santa Perpètua.",AMIC
l'opinió l'hospitalet i baix llobregat,L'Hospitalet de Llobregat i Baix Llobregat,,CAT,BCN,AMB,papel,NO PGD,"Baix Llobregat: Begues, Castelldefels, Gavà, Viladecans, El Prat de Llobregat, Cornellà de Llobregat, Esplugues de Llobregat, Sant Just Desvern, Sant Joan Despí, Sant Feliu de Llobregat, Molins de Rei, Sant Boi de Llobregat, Torrelles de Llobregat, Sant Vicenç dels Horts, La Palma de Cervelló, Corbera de llobregat, Vallirana, Cervelló , Pallejà, Sant Andreu de la Barca i Martorell",AMIC
magazine lleida,Segrià,,CAT,LL,C.PONENT,papel,NO PGD,Segrià: Lleida ,AMIC
notícies del matarranya,"Matarranya, Baix Aragó, Els Ports i Terra Alta",,ARA,,,papel,NO PGD,"Matarranya: Arenys de Lledó, Beseit, Calaceit, Cretes, Fondespatla, Fórnols de Matarranya, La Freixneda, Lledó d'Algars, Massalió, Mont-roig de Tastavins, Pena-roja, La Portellada,  Ràfels, Torredarques, La Torre del Comte, La Vall de Tormo, Vall-de-roures i Valljunquera. Baix Aragó: Alcanyís. Els Ports: Morella. Terra Alta: Arnes i Horta de Sant Joan.",AMIC
nua,Menorca,,IB,MEM,,papel,NO PGD,"Menorca: Ciutadella, Ferreries, Es Mercadal, Es migjorn Gran, Alaior, Maó, Sant Lluís",AMIC
paral·lel oh!,Barcelonès,,CAT,BCN,AMB,papel,NO PGD,Barcelonès: Barcelona.,AMIC
"reclam la garrotxa""el 29""",Garrotxa ,,CAT,GI,,papel,NO PGD,"LES PLANES D'HOSTOLES - ST.FELIU DE PALLEROLS - ST.ESTEVE D'EN BAS- LES PRESES - OLOT - ST.JOAN LES FONTS-LA CANYA, CASTELLFOLLIT DE LA ROCA - ST.JAUME DE LLIERCA - BESALÚ",AMIC
respira comerç,El Ripollès,,CAT,GI,,papel,NO PGD,"Ripoll, Vallfogona de Ripollès, Sant Joan de les Abadesses, Ogassa, Sant Pau de Segúries, Camprodon, Molló, Llanars, Setcases, Campdevànol, Gombrèn, Campelles, Ribes de Freser, Queralbs, Campelles, Pardines, Planoles, Toses, les Llosses",AMIC
revista badalona 2000,Barcelonès,,CAT,BCN,AMB,papel,NO PGD,Barcelonès: Badalona.,AMIC
revista de vic,Osona,,CAT,BCN,CC,papel,NO PGD,Osona: Vic i rodalies.,AMIC
revista la ciutat,Tarragonès i Baix Camp,,CAT,TGN,C.TGN,papel,NO PGD,"Tarragonès: Tarragona, Reus, Salou i Vilaseca. Baix Camp: Cambrils",AMIC
revista mira'm,Alt Empordà i sud de França,,CAT,GI,,papel,NO PGD,"Alt Empordà: FALTA Reparteix tota la comarca. Sud França: El Pertús, Le Boulou i Perpinya.",AMIC
revista útil,Menorca,,IB,MEN,,papel,NO PGD,"Menora: Maó, Ciutadella, Alaior, Es Castell, Sant Lluís, Ferreries, Sant Climent, Es Migjorn i Es Mercadal",AMIC
ripollet al dia,Vallès Occidental,,CAT,BCN,V.OC,papel,NO PGD,Vallès Occidental: Ripollet.,AMIC
somiatruites,Illes Balears,,IB,MEN,,papel,NO PGD,Menorca,AMIC
territoris magazine,"Segrià, Pla d'Urgell, Noguera, Segarra i Urgell",,CAT,LL,C.PONENT,papel,NO PGD,"Segrià: Lleida (ciutat), Garrigues: Les Borges Blanques, Pla d'Urgell: Mollerussa, Noguera: Balaguer, Segarra: Cervera i Urgell: Tàrrega",AMIC
tot caldes de montbui,Vallès Oriental i Vallès Occidental,,CAT,BCN,V.OR,papel,NO PGD,"Vallès Oriental: Caldes de Montbui i rodalies, Sant Feliu de Codines. Vallès Occidental: Palau de Plegamans, Santa Perpètua de la Moguda i Setmenat.",AMIC
tot .... i més,Barcelonès i Maresme,,CAT,BCN,AMB,papel,NO PGD,Barcelonès: Badalona. Maresme: Tiana i Montgat.,AMIC
tothosap! garraf,Garraf,,CAT,BCN,PENEDÈS,papel,NO PGD,Garraf: totes les poblacions (demano),AMIC
tot molins,Baix Llobregat,,CAT,BCN,AMB,papel,NO PGD,"Baix Llobregat: Molins de Rei, Vallirana, Cervelló i Pallejà",AMIC
tot osona,"Osona, Ripollès, Garrotxa",,CAT,BCN,CC,papel,NO PGD,"Garrotxa: Olot (demano poblacions altres comarques => Balenyà, Calldetenes, Centelles, Espinelves, L'Esquirol, Folgueroles, Gurb, Malla, Manlleu, Masies de Roda, Masies de Voltregà, Montesquiu, Muntanyola, Olost, Orís, Perafita, Prats de Lluçanès, Ripoll, Roda de Ter, Rupit i Pruit,Sant Bartomeu del Grau, Sant Boi de Lluçanès, Sant Hipòlit de Voltregà, Sant Julià de Vilatorta, Sant Pere de Torelló, Sant Quirze de Besora, Sant Sadurní d'Osormort, Sant Vicenç de Torelló, Santa Eugènia de Berga, Santa Eulàlia de Riuprimer, Santa Maria de Besora, Seva, Sora, Taradell, Tavèrnoles, Tona, Torelló, Vic, Viladrau, Vilanova de Sau",AMIC
"tot temàtic (tot casa, tot salut i tot gastro)",Vallès Occidental,,CAT,BCN,V.OC,papel,NO PGD,"Vallès Occidental: Sant Cugat del Vallès, Rubí, Cerdanyola, Terrassa i Sabadell",AMIC
viure als pirineus,"Alt Urgell, Pallars Jussà i Cerdanya",,CAT,LL,PIRI,papel,NO PGD,"Alt Urgell: Oliana, Peramola, Coll de Nargó, Organyà, El Pla de Sant 
Tirs (Ribera d'Urgellet), Adrall (Ribera d'Urgellet), Montferrer-Castellbó, Calvinyà, La Seu d'Urgell. Cerdanya: Prullans, Bellver de Cerdanya, Montellà i Martinet, Alp, Urús, Puigcerdà i Llívia. Pallars Jussà: Tremp i Pobla de Segur.",AMIC
zona sec,Barcelonès,,CAT,BCN,AMB,papel,NO PGD,Barcelonès: Barcelona_ Barri del Poble-Sec,AMIC
l'alcudia 752,Ribera Alta (València),,PV,VAL,,papel,Mitjans amb PGD,Ribera Alta (València): L'Alcudia.,AMIC
el nostre bocairent,Comunitat Valenciana,,PV,VAL,,papel,NO PGD,Bocairent,AMIC
7setmanari de llevat,Comarca Llevant,,IB,MALL,,papel,,"TODA LA COMARCA DE MANACOR, PORTO CRISTO,SON CARRIO, SILLOT, SA COMA, SON MACIA , SAN LORENZO, SON SERVERA , CALAS DE MALLORCA Y CALA MILLOR ",AMIC
"al portal, veus de l'aguer",Sardenya,,SARDENYA,SARDENYA,SARDENYA_L'Alguer,papel,,Sardenya: L'Alguer,AMIC
ara balears,Menorca,,IB,MALL,,papel,,"Totes les localitats de Mallorca, Menorca, Eivissa i Formentera",AMIC
el nostre oliva,Comunitat Valenciana _ La Safor,,PV,VAL,,papel,NO PGD,Oliva,AMIC
cala millor 7,Illes Balears,,IB,MALL,,papel,,demano,AMIC
la veu d'algemesí,Ribera del Xúquer,,PV,VAL,,papel,NO PGD,Ribera del Xúquer: Algemesí,AMIC
"camacuc, revista per xiquets i xiquetes",Païssos Catalans,,PV,,,papel,,demano,AMIC
cent per cent,Mallorca,,IB,MALL,,papel,,"Manacor, Porto Cristo, Sant Llorenç, Son Carrió, Vilafranca, Petra i Sant Joan",AMIC
d ferreries,Menorca,,IB,MEN,,papel,,Menorca,AMIC
diari ara,Catalunya,,CAT,,,papel,,,AMIC
diari de girona,,,CAT,GI,,papel,,,AMIC
diari de sabadell,Vallès Occidental,,CAT,BCN,V.OC,papel,,Vallès Occidental: Sabadell,AMIC
diari de terrassa,Vallès Occidental,,CAT,BCN,V.OC,papel,,"Vallès Occidental: Terrassa, Matadepera, Viladecavalls, Vacarisses, Rellinars, Rubí, Sant Cugat, Olesa, Sabadell, Cerdanyola, Castellar del Vallès, Sant Quirze, Castellbisbal i Barcelona",AMIC
diari jornada,DEMANO,,CAT,,,papel,,DEMANO,AMIC
diari menorca,Menorca,,CAT,,,papel,,,AMIC
dona secret,DEMANO,,AD,,,papel,,DEMANO,AMIC
el 9 nou osona i el ripolles,Osona i Ripollès,,CAT,BCN,CC,papel,,no informació fitxa,AMIC
el 9 nou vallès oriental,Vallès Oriental,,CAT,BCN,V.OR,papel,,no informació fitxa,AMIC
el breny,Bages,,CAT,BCN,CC,papel,,Bages: Sant Vicenç de Castellet,AMIC
el gratis,,,PV,AL,,papel,,"Alcoià, Comtat, Vall d'Albaida, La Safor, La Costera, Les Marines i Alt Vinalopó",AMIC
el iris,Menorca,,IB,MEN,,papel,,"Ciutadella, Ferreries, Es Mercadal, Es Migjorn Gran, Fornells, Alaior, Maó, Sant Lluís i Es Castell",AMIC
el nostre ciutat,Comunitat Valenciana _ Alacant,,PV,AL,,papel,,"Alcoi, Cocentaina, Muro de Alcoy, Onil, Castalla, Ibi, Agres, Alicante, Banyeres de Mariola",AMIC
el periòdic d'andorra,"Principat, Cerdanya, l'Alt Urgell i els Pallars ",,AD,,,papel,,"mail 7/10/15 demano población i Arnau respon: Doncs imagino que tots els pobles que tenen llocs on venen diaris, però ja miro que em passin la llista. Pensa que anem junts amb EL Periódico i per tant és a tot arreu on es venen diaris ja que és el que té més difusió.",AMIC
el periòdic d'ontinyent,Comarca del Valle de Albaida,,PV,VAL,,papel,,"Comarca del Valle de Albaida: Ontinyent, Agullent, Albaida, Bocairent",AMIC
el saò,País Valencià,,PV,,,papel,,Tota la Comunitat Valenciana,AMIC
el temps,Païssos Catalans,,CAT,,,papel,,Païssos Catalans,AMIC
escaparate,Comunitat Valenciana,,PV,AL,,papel,,"Foia de Castalla: Ibi, Castalla, Onil, Tibi i Biar",AMIC
estil,Ribera Baixa,,PV,VAL,,papel,,"Ribera Baixa: Sueca, El Perelló i Mareny de Barraquetes",AMIC
la mañana,Lleida,,CAT,LL,C.PONENT,papel,,A tota Lleida,AMIC
la semaine du roussillon,Pirineus Orientals,,CAT,,,papel,,250 punts distribució Pirineus Orientals,AMIC
la traca,Comunitat Valenciana,,PV,,,papel,,,AMIC
la veu de l'anoia,Anoia,,CAT,BCN,CC,papel,,Anoia: Igualada,AMIC
la veu de l'anoia _ info preu 1/2 diba,,,,,,papel,,,AMIC
"las bandas periòdic de la música, les músiques i la cultura popular _ (pv)",Comunitat Valenciana,,PV,,,papel,,Totes de la Comunitat Valenciana,AMIC
l'eco de sitges,Garraf ,,CAT,BCN,,papel,,Garraf: Sitges i Sant Pere de Ribes,AMIC
loclar,València,,PV,VAL,,papel,,"València: Vall d'Albaida => Ontinyent, Bocairent i Agullent",AMIC
l'estel,Palma de Mallorca,,CAT,MALL,,papel,,Balears,AMIC
magazín la mira,no info fitxa,,CAT,,,papel,,no info fitxa,AMIC
manacor comarcal,Palma de Mallorca,,IB,MALL,,papel,,Palma de Mallorca: Manacor (demano punts de venda per saber si arriba a més llocs),AMIC
mel i sucre,Mallorca,,IB,MALL,,papel,,Mallorca: Sant Joan,AMIC
mil dimonis,Perpinyà,,CAT,,,papel,,Perpinyà,AMIC
montpeità,Bages,,CAT,BCN,CC,papel,,"Bages: Sant Fruitós, Navarcles i Manresa",AMIC
món sant cugat,Vallès Occidental,,CAT,BCN,V.OC,papel,,Vallès Occidental: Sant Cugat del Vallès.,AMIC
penedès econòmic,Alt Penedès,,CAT,BCN,PENEDÈS,papel,,Alt Penedès: ¿¿??,AMIC
periódico de ibiza y formentera,Eivissa i Formentera,,IB,EIV,,papel,,Illes Balears: Eivissa i Formentera,AMIC
portada.info,Comunitat Valenciana,,PV,AL,,papel,,"Comunitat Valenciana: Villena, Canyada, Biar, Camp de Mirra i Beneixama",AMIC
punt informatiu pollença,Palma de Mallorca,,IB,MALL,,papel,,Palma de Mallorca: Pollença,AMIC
regió 7,,,CAT,BCN,CC,papel,,,AMIC
revista cambrils,Baix Camp,,CAT,TGN,C.TGN,papel,,Baix Camp: Cambrils,AMIC
revista poble (pv),Comarca Plana Baixa de Castelló,,PV,CAST,,papel,,Comarca Plana Baixa de Castelló: Vila-Real (ciutat) i a la Comarca Plana Baixa de Castelló,AMIC
s'altra música,Illes Balears,,IB,MALL,,papel,,demano,AMIC
sa plaça,Nord de Mallorca,,IB,MALL,,papel,,"Mallorca: Alaró, Alcúdia, Binisalem, Búger, Campanet, Consell, Costitx, Inca Lloret de Vistalegre, Lloseta, Llubí, Manacor de la Vall, Maria de la Salut, Muro, Pollença, Sa Pobla, Santa Margalida, Serva i Sineu.",AMIC
sa veu,Mallorca (Serra de Tramuntana),,IB,MALL,,papel,,"Mallorca (Serra de Tramuntana): Sóller, Fornalutx, Deià, Escorca i Bunyola.",AMIC
setmanari informació comarcal notícies,"Els Ports, Maestrat, Plana de Castello",,PV,CAST,,papel,,demano,AMIC
setmanari sóller,Mallorca,,IB,MALL,,papel,,Mallorca,AMIC
semanario valle de elda,Alacant,,PV,AL,,papel,,Alacant: Elda i Petrer,AMIC
suheca,Ribera Baixa,,PV,VAL,,papel,,"Ribera Baixa: Sueca, El Perelló i Mareny de Barraquetes",AMIC
top girona,Gironés,,CAT,GI,,papel,,Demarcació de Girona,AMIC
tucomarca.com,València,,PV,VAL,,papel,,"València: Alborache, Buñol, Cheste, Chiva, Cortes de Pallás, Dos Aguas, Godelleta, Millares, Macastre, Siete Aguas, Turis i Yátova",AMIC
vallespir,Catalunya Nord,,CAT,CATNORD,VALLESPIR,papel,,,AMIC
