ID,Origin,media,url,zipcode_iber,zipcode_cac,zipcode_ojd,zipcode_amic
0,"Iberfier, CAC, OJD",el 9 nou,el9nou.cat,08500,08500,8500.0,
2,"Iberfier, CAC, OJD",betevé,beteve.cat,08018,08099,8018.0,
3,"Iberfier, CAC, OJD",pirineus tv,pirineustv.cat,25700,25700,25700.0,
4,"Iberfier, CAC, OJD",ràdio sabadell,radiosabadell.fm,08202,08202,8202.0,
5,"AMIC, Iberfier, OJD",adolescents,adolescents.cat,08500,,8500.0,08500
7,"AMIC, Iberfier, OJD",laopiniondetorrent,laopiniondetorrent.es,46900,,46900.0,
8,"AMIC, Iberfier, OJD",fosbury,fosbury.cat,08350,,8750.0,
9,"AMIC, Iberfier, OJD",comunicacio21,comunicacio21.cat,08013,,8013.0,
13,"AMIC, Iberfier, OJD",surtdecasa,surtdecasa.cat,43520,,43520.0,43520
14,"AMIC, Iberfier, OJD",festadirecte,festadirecte.cat,08014,,8014.0,
15,"AMIC, Iberfier, OJD",jornal,jornal.cat,08401,,8176.0,08196
16,"AMIC, Iberfier, OJD",diarieducacio,diarieducacio.cat,08010,,8029.0,
17,"AMIC, Iberfier, OJD",gastronomicament,gastronomicament.cat,07005,,7005.0,
18,"AMIC, Iberfier, OJD",diaridelmaestrat,diaridelmaestrat.com,12500,,12500.0,12500
19,"AMIC, Iberfier, OJD",eltemps,eltemps.cat,46001,,46001.0,
21,"AMIC, Iberfier, OJD",meseconomia,meseconomia.cat,08014,,8014.0,
22,"AMIC, Iberfier, OJD",elcritic,elcritic.cat,08010,,8010.0,
23,"AMIC, Iberfier, OJD",elmon,elmon.cat,"08007,08221,08172",,8221.0,
28,"AMIC, Iberfier, OJD",anoiadiari,anoiadiari.cat,08700,,8700.0,
29,"AMIC, Iberfier, OJD",aquibergueda,aquibergueda.cat,08600,,8600.0,
30,"AMIC, Iberfier, OJD",balaguer,balaguer.tv,25600,,25600.0,25600
31,"AMIC, Iberfier, OJD",comarquesdeponent,comarquesdeponent.com,25300,,25300.0,
32,"AMIC, Iberfier, OJD",comarquesnord,comarquesnord.cat,12300,,44586.0,
34,"AMIC, Iberfier, OJD",diaridegirona,diaridegirona.cat,17002,,17002.0,17002
35,"AMIC, Iberfier, OJD",diaridesabadell,diaridesabadell.com,08201,,8201.0,
36,"AMIC, Iberfier, OJD",ebredigital,ebredigital.cat,43003,,43500.0,
37,"AMIC, Iberfier, OJD",eixdiari,eixdiari.cat,08800,,8800.0,08800
38,"AMIC, Iberfier, OJD",elcargol,elcargol.com,08720,,8720.0,
39,"AMIC, Iberfier, OJD",elcugatenc,elcugatenc.cat,08173,,8171.0,08172
40,"AMIC, Iberfier, OJD",expresdesantandreu,expresdesantandreu.cat,08030,,8389.0,08389
41,"AMIC, Iberfier, OJD",infoanoia,infoanoia.cat,08788,,8788.0,08788
42,"AMIC, Iberfier, OJD",infocamp,infocamp.cat,43001,,43001.0,
43,"AMIC, Iberfier, OJD",labustia,labustia.cat,08760,,8640.0,
44,"AMIC, Iberfier, OJD",laguiadereus,laguiadereus.com,43206,,43203.0,
45,"AMIC, Iberfier, OJD",lamanyana,lamanyana.cat,25191,,25004.0,
46,"AMIC, Iberfier, OJD",lapremsadelbaix,lapremsadelbaix.es,08950,,8940.0,
47,"AMIC, Iberfier, OJD",marfanta,marfanta.com,43500,,43500.0,
48,"AMIC, Iberfier, OJD",mesebre,mesebre.cat,43500,,43007.0,
49,"AMIC, Iberfier, OJD",mesosona,mesosona.cat,08500,,8500.0,
50,"AMIC, Iberfier, OJD",mollerussa,mollerussa.tv,25230,,25230.0,25230
51,"AMIC, Iberfier, OJD",noticiestgn,noticiestgn.cat,43003,,43003.0,
52,"AMIC, Iberfier, OJD",onabages,onabages.cat,08650,,8650.0,08650
54,"AMIC, Iberfier, OJD",reusdigital,reusdigital.cat,43201,,43201.0,43204
55,"AMIC, Iberfier, OJD",revistacambrils,revistacambrils.cat,43850,,43850.0,
56,"AMIC, Iberfier, OJD",somlallagosta,somlallagosta.cat,08100,,8020.0,
57,"AMIC, Iberfier, OJD",somlesfranqueses,somlesfranqueses.cat,08100,,8020.0,
58,"AMIC, Iberfier, OJD",sommartorelles,sommartorelles.cat,08100,,8020.0,
59,"AMIC, Iberfier, OJD",somparets,somparets.cat,08100,,8020.0,
60,"AMIC, Iberfier, OJD",somsantfost,somsantfost.cat,08100,,8020.0,
61,"AMIC, Iberfier, OJD",tarragonadigital,tarragonadigital.com,43201,,8202.0,
62,"AMIC, Iberfier, OJD",tarrega,tarrega.tv,25300,,25300.0,25300
63,"AMIC, Iberfier, OJD",totsantcugat,totsantcugat.cat,08172,,8172.0,
64,"AMIC, Iberfier, OJD",veuanoia,veuanoia.cat,08700,,8700.0,
66,"AMIC, Iberfier, OJD",radiocapital,radiocapital.cat,17200,,17256.0,
67,"AMIC, Iberfier, OJD",lamira,lamira.cat,08010,,8010.0,
68,"AMIC, Iberfier, OJD",enderrock,enderrock.cat,08021,,8008.0,
70,"AMIC, Iberfier, OJD",socpetit,socpetit.cat,43712,,8014.0,08770
71,"AMIC, Iberfier, OJD",diaritreball,diaritreball.cat,"08029,08023",,8029.0,
73,"AMIC, Iberfier, OJD",timeout,timeout.cat,08003,,8002.0,
74,"AMIC, Iberfier, OJD",diarisanitat,diarisanitat.cat,08010,,8029.0,
75,"AMIC, Iberfier, OJD",racocatala,racocatala.cat,08010,,8010.0,
76,"AMIC, Iberfier, OJD",panxing,panxing.net,08339,,8339.0,
77,"AMIC, Iberfier, OJD",loclar,loclar.es,46870,,46870.0,
78,"AMIC, Iberfier, OJD",dbalears,dbalears.cat,07001,,7001.0,07011
82,"AMIC, Iberfier, OJD",noudiari,noudiari.es,07800,,7800.0,07800
83,"AMIC, Iberfier, OJD",saveu,saveu.cat,07100,,7100.0,
85,"AMIC, Iberfier, OJD",aramultimedia,aramultimedia.com,03801,,3801.0,03801
86,"AMIC, Iberfier, OJD",castelloextra,castelloextra.com,46017,,46017.0,
87,"AMIC, Iberfier, OJD",valenciaextra,valenciaextra.com,46017,,46017.0,
88,"AMIC, OJD",fibwidiario,fibwidiario.com,,,7009.0,07121
89,"AMIC, OJD",laconca51,laconca51.cat,,,43400.0,43400
90,"AMIC, OJD",festacatalunya,festacatalunya.cat,,,8711.0,08711
91,"AMIC, OJD",apuntmenorca,apuntmenorca.com,,,7701.0,
92,"AMIC, OJD",tornaveu,tornaveu.cat,,,8221.0,
93,"AMIC, OJD",exterior,exterior.cat,,,8013.0,
94,"AMIC, OJD",cultura21,cultura21.cat,,,8013.0,
95,"AMIC, OJD",elmoncasteller,elmoncasteller.cat,,,8014.0,
96,"AMIC, OJD",escaparatedigital,escaparatedigital.com,,,3440.0,
97,"AMIC, OJD",indicadordeeconomia,indicadordeeconomia.com,,,43203.0,
98,"AMIC, OJD",lesvegueries,lesvegueries.cat,,,8720.0,
99,"AMIC, OJD",cronica,cronica.es,,,46900.0,
100,"AMIC, OJD",bellaterradiari,bellaterradiari.cat,,,8193.0,
101,"AMIC, OJD",canal21ebre,canal21ebre.com,,,3500.0,
102,"AMIC, OJD",diarideterrassa,diarideterrassa.com,,,8221.0,
103,"AMIC, OJD",lafurapenedes,lafurapenedes.cat,,,8720.0,
104,"AMIC, OJD",molletama,molletama.cat,,,8020.0,
105,"AMIC, OJD",monterrassa,monterrassa.cat,,,8221.0,
107,"AMIC, OJD",pallarsdigital,pallarsdigital.cat,,,25620.0,25620
108,"AMIC, OJD",tdbactualitat,tdbactualitat.cat,,,43830.0,
109,"AMIC, OJD",totcerdanyola,totcerdanyola.cat,,,8172.0,
110,"AMIC, OJD",totrubi,totrubi.cat,,,8172.0,
111,"AMIC, OJD",laveudelsllibres,laveudelsllibres.cat,,,8221.0,
113,"AMIC, OJD",7diesactualitat,7diesactualitat.com,,,12500.0,
114,"AMIC, OJD",monplaneta,monplaneta.cat,,,8221.0,
115,"AMIC, OJD",viasona,viasona.cat,,,8010.0,
116,"AMIC, OJD",uepmallorca,uepmallorca.app,,,7011.0,07600
118,"AMIC, OJD",lasbandasdemusica,lasbandasdemusica.com,,,46011.0,
119,"AMIC, OJD",elmondelatele,elmondelatele.cat,,,8202.0,
120,"AMIC, OJD",periodicontinyent,periodicontinyent.com,,,46870.0,
121,"AMIC, OJD",castello24,castello24.com,,,46005.0,46005
122,"AMIC, OJD",foravila,foravila.net,,,7100.0,07100
123,"AMIC, OJD",balearsvadevi,balearsvadevi.cat,,,8221.0,
125,"AMIC, OJD",digitalmanacor,digitalmanacor.com,,,7500.0,07500
126,"AMIC, OJD",eliris,eliris.cat,,,7760.0,
127,"AMIC, OJD",mallorcadiario,mallorcadiario.com,,,7141.0,07141
128,"AMIC, OJD",menorcaaldia,menorcaaldia.com,,,7702.0,07702
129,"AMIC, OJD",menorca,menorca.info,,,7714.0,
130,"AMIC, OJD",palmesana,palmesana.com,,,7005.0,07005
131,"AMIC, OJD",revista07500,revista07500.com,,,7500.0,07500
132,"AMIC, OJD",ultimahora,ultimahora.es,,,7011.0,
133,"AMIC, OJD",firesifestes,firesifestes.es,,,7350.0,07350
134,"AMIC, OJD",alicantextra,alicantextra.com,,,46017.0,
135,"AMIC, OJD",castellonoticies,castellonoticies.com,,,8221.0,
137,"AMIC, OJD",revistapoble,revistapoble.net,,,12540.0,
138,"AMIC, OJD",revistasao,revistasao.cat,,,46018.0,
139,"AMIC, OJD",tvdigitalontinyent,tvdigitalontinyent.com,,,46870.0,46870
140,"AMIC, OJD",diariandorra,diariandorra.ad,,,,
141,"Iberfier, OJD",aldia.cat,aldia.cat,28046,,8015.0,
142,"Iberfier, OJD",alicante plaza,alicanteplaza.es,46002,,,
143,"Iberfier, OJD",betera.com,betera.com,46117,,46190.0,
144,"Iberfier, OJD",camp de túria,camp-de-turia.es,46190,,46190.0,
145,"Iberfier, OJD",castellón plaza,castellonplaza.com,46002,,46002.0,
146,"Iberfier, OJD",catalunya diari,catalunyadiari.com,43201,,8006.0,
147,"Iberfier, OJD",catorze,catorze.cat,08012,,8024.0,
148,"Iberfier, OJD",comarcal cv,comarcalcv.com,46020,,46900.0,
149,"Iberfier, OJD",cugat.cat,cugat.cat,08172,,8172.0,
150,"Iberfier, OJD",cuina,cuina.cat,08014,,8020.0,
151,"Iberfier, OJD",dénia.com,denia.com,03700,,3700.0,
152,"Iberfier, OJD",descobrir,descobrir.cat,17005,,8020.0,
153,"Iberfier, OJD",diari digital,diaridigital.es,46800,,46800.0,
154,"Iberfier, OJD",diario de alicante,diariodealicante.net,03002,,46007.0,
155,"Iberfier, OJD",directa,directa.cat,08014,,8028.0,
156,"Iberfier, OJD",el meridiano l'horta,elmeridiano.es,46023,,46023.0,
157,"Iberfier, OJD",elperiodic.com,elperiodic.com,35215,,12530.0,
158,"Iberfier, OJD",empordà info,emporda.info,17600,,17600.0,17600
159,"Iberfier, OJD",golsmedia,golsmedia.com,46001,,46005.0,
160,"Iberfier, OJD",infotúria,infoturia.com,46183,,46183.0,
161,"Iberfier, OJD",la república,larepublica.cat,08014,,8014.0,
162,"Iberfier, OJD",la veu de lliria,laveudelliria.com,46160,,46190.0,
163,"Iberfier, OJD",lleida diari,lleidadiari.cat,25001,,25001.0,25001
164,"Iberfier, OJD",manresa diari,manresadiari.cat,08240,,8243.0,
165,"Iberfier, OJD",noticias comunitat valenciana,noticiascv.com,,,46010.0,
166,"Iberfier, OJD",nova tàrrega,novatarrega.cat,25300,,25300.0,
167,"Iberfier, OJD",página 66,pagina66.com,03803,,3801.0,
168,"Iberfier, OJD",radio esport valencia,radioesport914.com,46035,,46015.0,
169,"Iberfier, OJD",rubí tv,rubitv.cat,08191,,8202.0,
170,"Iberfier, OJD",sapiens,sapiens.cat,08014,,8020.0,
171,"Iberfier, OJD",social,social.cat,08402,,8010.0,08010
172,"Iberfier, OJD",som granollers,somgranollers.cat,08100,,8020.0,
173,"Iberfier, OJD",som mollet,sommollet.cat,08100,,8020.0,
174,"Iberfier, OJD",som montmeló,sommontmelo.cat,08100,,8020.0,
175,"Iberfier, OJD",som montornès,sommontornes.cat,08100,,8020.0,
176,"Iberfier, OJD",som vallés,somvalles.cat,08100,,8020.0,
177,"Iberfier, OJD",territoris,territoris.cat,25230,,25230.0,
178,"Iberfier, OJD",tva,tv-a.es,03802,,3420.0,
179,"Iberfier, OJD",valència diari,valenciadiari.com,46007,,46007.0,
181,"Iberfier, OJD",valencia noticias,valencianoticias.com,46008,,46130.0,
182,"Iberfier, OJD",valencia plaza,valenciaplaza.com,46002,,46002.0,
183,"Iberfier, OJD",valors,valors.org,08301,,8301.0,
184,"Iberfier, OJD",viu molins de rei,viumolinsderei.com,08750,,8750.0,
185,"Iberfier, OJD",xtradio,xtradio.es,46800,,46800.0,
186,"AMIC, Iberfier, OJD",viaempresa,viaempresa.cat,08172,,,
187,"AMIC, Iberfier, OJD",ara,ara.cat,08015,,,
192,"AMIC, Iberfier, OJD",catalunyapress,catalunyapress.cat,08007,,,
193,"AMIC, Iberfier, OJD",capgros,capgros.com,08172,,,
194,"AMIC, Iberfier, OJD",diarimes,diarimes.com,43003,,,
195,"AMIC, Iberfier, OJD",laciutat,laciutat.cat,43004,,,43001
196,"AMIC, Iberfier, OJD",catalunyamagrada,catalunyamagrada.cat,08172,,,
197,"AMIC, Iberfier, OJD",segre,segre.com,25005,,,
199,"AMIC, Iberfier, OJD",aguaita,aguaita.cat,08007,,8202.0,
200,"AMIC, OJD",elnostreciutat,elnostreciutat.com (elnostreperiodic.com),,,,
201,"AMIC, OJD",noticiasmarinaalta,noticiasmarinaalta.es,,,3700.0,
202,"AMIC, OJD",espai,espai.media,,,,
203,"AMIC, OJD",el9nou,el9nou.cat,,,8500.0,
205,"AMIC, OJD",lasrepublicas,lasrepublicas.com,,,8014.0,
206,"AMIC, OJD",catalunyaplural,catalunyaplural.cat,,,,
207,"AMIC, OJD",larepublica,larepublica.cat,,,8014.0,
209,"AMIC, OJD",xcatalunya,xcatalunya.cat,,,,08036
210,"AMIC, OJD",lleidadiari,lleidadiari.cat,,,25001.0,25001
211,"AMIC, OJD",manresadiari,manresadiari.cat,,,8243.0,
212,"AMIC, OJD",rubitv,rubitv.cat (grup naciodigital),,,,
213,"AMIC, OJD",somgranollers,somgranollers.cat,,,8020.0,
214,"AMIC, OJD",somgranollers,,,,,
215,"AMIC, OJD",sommollet,sommollet.com,,,,
216,"AMIC, OJD",sommollet,,,,,
217,"AMIC, OJD",somvalles,somvalles.cat,,,8020.0,
218,"AMIC, OJD",tarragona21,tarragona21.com,,,,
219,"AMIC, OJD",territorirural,territorirural.cat (monrural.cat),,,,
220,"AMIC, OJD",audio,audio.cat    (tirabol),,,,
221,"AMIC, OJD",diariodemallorca,diariodemallorca.es (P.Iberica),,,,
222,"AMIC, OJD",tucomarca,tucomarca.com,,,46360.0,46360
223,"AMIC, OJD",elsoller,elsoller.cat,,,7011.0,
225,"AMIC, OJD",diarilaveu,diarilaveu.cat (nosaltreslaveu.com),,,,
227,"AMIC, OJD",elperiodic,elperiodic.ad,,,,
228,"Iberfier, OJD",el punt avui,elpuntavui.cat,17005,,,
231,"Iberfier, CAC",emun fm ràdio,emunfmradio.cat,,25126,,
232,"Iberfier, CAC",ràdio vallromanes,radio.vallromanes.cat,08188,08188,,
233,"Iberfier, CAC",solsona fm,solsonafm.media,,25280,,
234,"Iberfier, CAC",alpicat ràdio,alpicatradio.com,25110,25110,,
235,"Iberfier, CAC",altafulla ràdio,altafullaradio.cat,43893,43893,,
236,"Iberfier, CAC",amposta ràdio,amposta.cat,43870,43870,,
237,"Iberfier, CAC",antena aldaia,antenaaldaia.com,46960,43896,,
238,"Iberfier, CAC",antena caro,antenacaro.cat,43520,43520,,
239,"Iberfier, CAC",canal 10 empordà,canal10.cat,17130,17130,,
240,"Iberfier, CAC",canal blau,canalblau.cat,08800,08800,,
241,"Iberfier, CAC",constantí ràdio,constantiradio.cat,43120,43120,,
242,"Iberfier, CAC",cope barcelona,cope.es,08007,08099,,
243,"Iberfier, CAC",digital hits fm,digitalhits.cat,08206,"08809,08206,08026",,
248,"Iberfier, CAC",el prat ràdio,elpratradio.com,08820,08820,,
249,"Iberfier, CAC",flaix fm,flaixfm.cat,08007,"08391,08007",,
258,"Iberfier, CAC",gum fm,gumfm.com,25530,,,
260,"Iberfier, CAC",imagina ràdio,imaginaradio.com,43500,43500,,
261,"Iberfier, CAC",la sénia ràdio,laseniaradio.cat,,43560,,
262,"Iberfier, CAC",la plana ràdio,laplanaradio.cat,13570,43570,,
263,"Iberfier, CAC",la veu de navàs,laveudenavas.navas.cat,,08670,,
264,"Iberfier, CAC",llagostera ràdio,llagosteraradio.cat,17240,17240,,
265,"Iberfier, CAC",mataró ràdio,mataroradio.cat,08302,08302,,
266,"Iberfier, CAC",nova ràdio lloret,novaradiolloret.org,17310,17310,,
267,"Iberfier, CAC",olot televisió,olot.tv,17800,17800,,
268,"Iberfier, CAC",ona codinenca,onacodinenca.cat,08182,08182,,
269,"Iberfier, CAC",ona la torre,ona-latorre.cat,43830,43830,,
270,"Iberfier, CAC",rac 1,rac1.org,08036,08036,,
291,"Iberfier, CAC",rac 105,rac105.cat,08036,08036,,
306,"Iberfier, CAC",ràdio abrera,radioabrera.cat,08630,08630,,
307,"Iberfier, CAC",ràdio arenys,radioarenys.cat,08350,08350,,
308,"Iberfier, CAC",ràdio arenys de munt,radioarenysmunt.cat,08358,08358,,
309,"Iberfier, CAC",ràdio argentona,argentona.cat,08310,08310,,
310,"Iberfier, CAC",ràdio balsareny,radiobalsareny.org,08660,08660,,
311,"Iberfier, CAC",ràdio banyoles,Radiobanyoles.cat,17820,17820,,
312,"Iberfier, CAC",ràdio blanes,radioblanes.cat,17300,17300,,
313,"Iberfier, CAC",ràdio cabrera,audiovisualcabrera.net,08349,08349,,
314,"Iberfier, CAC",ràdio caldes,radiocaldes.cat,08140,08140,,
315,"Iberfier, CAC",ràdio canet,radiocanet.cat,08360,08360,,
316,"Iberfier, CAC",ràdio cap de creus,radiocapdecreus.radiostream321.com,17488,17488,,
317,"Iberfier, CAC",ràdio capellades,radiocapellades.net,08786,08786,,
318,"Iberfier, CAC",ràdio cassà,radiocassa.cat,17244,17244,,
319,"Iberfier, CAC",ràdio castelldefels,radiocastelldefels.org,08860,08860,,
320,"Iberfier, CAC",ràdio celrà,radio.celra.cat,17460,17460,,
321,"Iberfier, CAC",ràdio cornellà,radiocornella.cat,08940,08940,,
322,"Iberfier, CAC",ràdio cubelles,radiocubelles.cat,08880,08880,,
323,"Iberfier, CAC",ràdio cunit,radiocunit.cat,43881,43881,,
324,"Iberfier, CAC",ràdio desvern,radiodesvern.com,08960,08960,,
325,"Iberfier, CAC",ràdio dos 84,radiodos84.com,17450,17450,,
326,"Iberfier, CAC",ràdio estel,radioestel.com,08014,08014,,
337,"Iberfier, CAC",ràdio falset,radiofalset.cat,43730,43730,,
338,"Iberfier, CAC",ràdio flaixbac,radioflaixbac.cat,08007,"08007,08391",,
351,"Iberfier, CAC",ràdio flix,radioflix.cat,,43750,,
352,"Iberfier, CAC",ràdio gavà,radiogava.cat,08850,08840,,
353,"Iberfier, CAC",ràdio gelida,radiogelida.cat,08790,08790,,
354,"Iberfier, CAC",ràdio granollers,emisora.org.es,08401,08400,,
355,"Iberfier, CAC",ràdio igualada,radioigualada.cat,08700,08700,,
356,"Iberfier, CAC",ràdio la vall,radiolavall.cat,17178,17178,,
357,"Iberfier, CAC",ràdio les borges,radiolesborges.cat,25400,25400,,
358,"Iberfier, CAC",ràdio l'escala,radiolescala.cat,17130,17130,,
359,"Iberfier, CAC",ràdio les planes,radiolesplanes.com,17172,17172,,
360,"Iberfier, CAC",ràdio llavaneres,radiollavaneres.cat,08392,08392,,
361,"Iberfier, CAC",ràdio manlleu,radiomanlleu.cat,08560,08560,,
362,"Iberfier, CAC",ràdio maricel,radiomaricel.cat,08870,08870,,
363,"Iberfier, CAC",ràdio marina,radiomarina.com,17003,17300,,
365,"Iberfier, CAC",ràdio masquefa,miratv.cat,,08783,,
366,"Iberfier, CAC",ràdio molins de rei,radiomolinsderei.cat,08750,08750,,
367,"Iberfier, CAC",ràdio montblanc,radiomontblanc.cat,43400,43400,,
368,"Iberfier, CAC",ràdio montgrí,radiomontgri.com,17257,17257,,
369,"Iberfier, CAC",ràdio montornès,radio.montornes.cat,08170,08170,,
370,"Iberfier, CAC",ràdio ona,radioona.com,08570,08570,,
371,"Iberfier, CAC",ràdio palafolls,radiopalafolls.cat,08389,08389,,
372,"Iberfier, CAC",ràdio palafrugell,radiopalafrugell.cat,17200,17200,,
373,"Iberfier, CAC",ràdio palamós,palamoscomunicacio.cat,17230,17230,,
374,"Iberfier, CAC",ràdio pineda,radiopineda.com,08397,08397,,
375,"Iberfier, CAC",ràdio pista,radiopista.cat,08550,08550,,
376,"Iberfier, CAC",ràdio premià de mar,radiopremiademar.org,08330,08330,,
377,"Iberfier, CAC",ràdio puig-reig,radiopuig-reig.net,08692,08692,,
378,"Iberfier, CAC",ràdio ràpita,enacast.com,43540,43540,,
379,"Iberfier, CAC",ràdio rosselló,radiorossello.radiostream321.com,25124,25124,,
380,"Iberfier, CAC",ràdio rubí,radiorubi.fm,,08191,,
381,"Iberfier, CAC",ràdio sallent,radiosallent.cat,08650,08650,,
382,"Iberfier, CAC",ràdio sant andreu,radiosantandreu.com,08740,08740,,
383,"Iberfier, CAC",ràdio sant boi,radiosantboi.cat,08830,08830,,
384,"Iberfier, CAC",ràdio sant cebrià,radiosantcebria.cat,08396,08396,,
385,"Iberfier, CAC",ràdio sant feliu,rsf.cat,17220,"08980,17220",,
387,"Iberfier, CAC",ràdio sant hilari,radiosanthilari.com,17403,17403,,
388,"Iberfier, CAC",ràdio sant joan,rsj.cat,17857,"17857,08250",,
390,"Iberfier, CAC",ràdio sant quirze,radiosantquirze.cat,08192,08192,,
391,"Iberfier, CAC",ràdio sant sadurní,radiosantsadurni.wordpress.com,08770,08770,,
392,"Iberfier, CAC",ràdio sarrià,radio.sarriadeter.cat,17840,17840,,
393,"Iberfier, CAC",ràdio silenci,radiosilenci.cat,08530,08530,,
394,"Iberfier, CAC",ràdio súria,radiosuria.cat,08260,08260,,
395,"Iberfier, CAC",ràdio taradell,radiotaradell.com,08552,08552,,
396,"Iberfier, CAC",ràdio tiana,lalocal.tianat.cat,08391,08391,,
397,"Iberfier, CAC",ràdio tordera,radiotordera.cat,08490,08490,,
398,"Iberfier, CAC",ràdio tortosa,radiotortosa.cat,43500,43500,,
399,"Iberfier, CAC",ràdio vic,radiovic.cat,08500,08500,,
400,"Iberfier, CAC",ràdio vilablareix,radiovilablareix.cat,17180,17180,,
401,"Iberfier, CAC",ràdio vilafant,radiovilafant.net,17740,17740,,
402,"Iberfier, CAC",ràdio vila-sacra,radiovila-sacra.cat,17485,17485,,
403,"Iberfier, CAC",ràdio vitamènia,radiovitamenia.wordpress.com,08460,08460,,
404,"Iberfier, CAC",ràdio voltregà,radiovoltrega.com,08512,08512,,
405,"Iberfier, CAC",ser catalunya,cadenaser.com,08010,"17800,25007,08099,25230,08010,17230,43000,27005",,
418,"Iberfier, CAC",tarragona ràdio,tarragonaradio.cat,43005,43005,,
419,"Iberfier, CAC",vallès visió,vallesvisio.cat,08100,08100,,
420,"AMIC, Iberfier",sies,sies.tv,17001,,,17001
421,"AMIC, Iberfier",revistamirall,revistamirall.com,08014,,,08002
422,"AMIC, Iberfier",donesdigital,donesdigital.cat,08007,,,
423,"AMIC, Iberfier",regio7,regio7.cat,08240,,,
424,"AMIC, Iberfier",penedeseconomic,penedeseconomic.com,08720,,,
425,"AMIC, Iberfier",naciodigital,naciodigital.cat,08007,,,
521,"AMIC, Iberfier",gerio,gerio.cat,17190,,,17190
522,"AMIC, Iberfier",isabadell,isabadell.cat,08201,,,08206
523,"AMIC, Iberfier",lleida,lleida.com,25008,,,25008
524,"AMIC, Iberfier",rctgn,rctgn.cat,43001,,,
525,"AMIC, Iberfier",totbarcelona,totbarcelona.cat,08007,,,08007
526,"AMIC, Iberfier",amartorell,amartorell.com,"08783,08760",,,08783
528,"AMIC, Iberfier",canalreustv,canalreustv.cat,43204,,,
529,"AMIC, Iberfier",canalte,canalte.cat,43500,,,
530,"AMIC, Iberfier",castellvilarenc,castellvilarenc.info,08296,,,08296
531,"AMIC, Iberfier",cerdanyolaaldia,cerdanyolaaldia.com,08290,,,
532,"AMIC, Iberfier",diaridebadalona,diaridebadalona.com,08912,,,
533,"AMIC, Iberfier",diarieljardi,diarieljardi.cat,08034,,,
534,"AMIC, Iberfier",diarisantquirze,diarisantquirze.cat,08192,,,08192
535,"AMIC, Iberfier",elbaix,elbaix.cat,08980,,,08980
536,"AMIC, Iberfier",gava,gava.info,"28006,08850",,,
538,"AMIC, Iberfier",independent,independent.cat,08012,,,
540,"AMIC, Iberfier",laclau,laclau.cat,08340,,,
541,"AMIC, Iberfier",latorredebarcelona,latorredebarcelona.com,08024,,,
542,"AMIC, Iberfier",montpeita,montpeita.cat,08272,,,
543,"AMIC, Iberfier",revistaderipollet,revistaderipollet.cat,08291,,,
544,"AMIC, Iberfier",santboidiari,santboidiari.com,08750,,,
545,"AMIC, Iberfier",tasta,tasta.cat,08600,,,08600
546,"AMIC, Iberfier",totlleida,totlleida.cat,25003,,,25003
547,"AMIC, Iberfier",uncopdull,uncopdull.com,43500,,,
548,"AMIC, Iberfier",diaridesantacoloma,diaridesantacoloma.com,08912,,,
549,"AMIC, Iberfier",diaridesantadria,diaridesantadria.com,08912,,,
550,"AMIC, Iberfier",aolesa,aolesa.com,08783,,,
551,"AMIC, Iberfier",amasquefa,amasquefa.com,08783,,,
552,"AMIC, Iberfier",lescroniques,lescroniques.com,08224,,,08224
553,"AMIC, Iberfier",loest,loest.cat,25300,,,25300
554,"AMIC, Iberfier",alcaldes,alcaldes.eu,08007,,,08034
555,"AMIC, Iberfier",defrancdigital,defrancdigital.com,07181,,,
556,"AMIC, Iberfier",teatral,teatral.net,08001,,,
557,"AMIC, Iberfier",elllobregat,elllobregat.com,08830,,,
558,"AMIC, Iberfier",lavoz,lavoz.cat,08860,,,
559,"AMIC, Iberfier",elfar,elfar.cat,08940,,,
560,"AMIC, Iberfier",arabalears,arabalears.cat,07001,,,
561,"AMIC, Iberfier",capvermell,capvermell.org,07580,,,07580
562,"AMIC, Iberfier",manacormanacor,manacormanacor.com,07500,,,
563,"AMIC, Iberfier",viufelanitx,viufelanitx.com,07200,,,
564,"AMIC, Iberfier",lamarinaplaza,lamarinaplaza.com,03700,,,
565,"AMIC, Iberfier",aquí berguedà,,08600,,,
567,"AMIC, Iberfier",anoia diari,,08700,,,
568,"AMIC, Iberfier",catalunya religió,,08025,,,
569,"AMIC, Iberfier",cerdanyola al dia,,08290,,,
570,"AMIC, Iberfier",comarques de ponent,,25300,,,
571,"AMIC, Iberfier",cop d'ull,,43500,,,
572,"AMIC, Iberfier",diari més ebre,,43500,,,
573,"AMIC, Iberfier",el cargol,,08720,,,
574,"AMIC, Iberfier",la clau,,08340,,,
575,"AMIC, Iberfier",la premsa del baix,,08950,,,
576,"AMIC, Iberfier",l'enllaç dels anoiencs,,08700,,,
577,"AMIC, Iberfier",l'independent de gràcia,,08012,,,
578,"AMIC, Iberfier",línia ciutat vella,,08013,,,
579,"AMIC, Iberfier",línia cornellà,,08013,,,
580,"AMIC, Iberfier",línia eixample,,08013,,,
581,"AMIC, Iberfier",línia gràcia,,08013,,,
582,"AMIC, Iberfier",línia horta,,08013,,,
583,"AMIC, Iberfier",línia nou barris,,08013,,,
584,"AMIC, Iberfier",línia sant andreu,,08013,,,
585,"AMIC, Iberfier",línia sant martí,,08013,,,
586,"AMIC, Iberfier",línia sants,,08013,,,
587,"AMIC, Iberfier",revista de ripollet,,08291,,,
588,"AMIC, Iberfier",tot cerdanyola,,08290,,,08172
589,"AMIC, Iberfier",tot sant cugat,,08172,,,
590,"AMIC, Iberfier",tribuna maresme,,08330,,,08330
591,"AMIC, Iberfier",3 viles,,08302,,,
592,"AMIC, Iberfier",diari de badalona,,08912,,,
593,"AMIC, Iberfier",diari de rubí,,08191,,,08036
594,"AMIC, Iberfier",el jardí de sant gervasi i sarrià,,08034,,,
595,"AMIC, Iberfier",la borrufa,,25560,,,25568
596,"AMIC, Iberfier",la guia de reus,,43206,,,
597,"AMIC, Iberfier",l'alzina,,08184,,,
598,"AMIC, Iberfier",ripollet al dia,,08290,,,
599,"AMIC, Iberfier",viure als pirineus,,25230,,,
600,"AMIC, Iberfier",ara balears,,07001,,,
601,"AMIC, Iberfier",diari de girona,,17002,,,
602,"AMIC, Iberfier",diari de sabadell,,08201,,,
603,"AMIC, Iberfier",diari de terrassa,,08221,,,
604,"AMIC, Iberfier",diari jornada,,08010,,,
605,"AMIC, Iberfier",el temps,,46001,,,
606,"AMIC, Iberfier",la mañana,,25191,,,
607,"AMIC, Iberfier",la veu de l'anoia,,08700,,,
608,"AMIC, Iberfier",montpeità,,08272,,,
609,"AMIC, Iberfier",regió 7,,08240,,,
610,"AMIC, Iberfier",revista cambrils,,43850,,,
611,"AMIC, Iberfier",sa veu,,07100,,,
612,AMIC,eldiari,eldiari.online,,,,
613,AMIC,campingscat,campingscat.com,,,,
614,AMIC,Catalunyareligio,Catalunyareligio.cat,,,,
615,AMIC,sapsque,sapsque.com,,,,08911
616,AMIC,laveudalginet,laveudalginet.es,,,,
617,AMIC,escenacultural,escenacultural.net,,,,
618,AMIC,diaridebenicassim,diaridebenicassim.com,,,,
619,AMIC,areavisual,areavisual.cat,,,,
620,AMIC,gentedelasafor,gentedelasafor.es,,,,
621,AMIC,media,media.cat,,,,08012
622,AMIC,Núvol,Núvol.com,,,,
623,AMIC,frontissa,frontissa.cat,,,,
624,AMIC,culturalia,culturalia.club,,,,
625,AMIC,festescatalunya,festescatalunya.com,,,,08401
626,AMIC,culturaipaisatge,culturaipaisatge.cat,,,,
627,AMIC,tempsarts,tempsarts.cat,,,,46001
628,AMIC,verlanga,verlanga.com,,,,46006
629,AMIC,elculturista,elculturista.cat,,,,
630,AMIC,diaridelallengua,diaridelallengua.cat,,,,08030
631,AMIC,aboriginemag,aboriginemag.com,,,,43870
632,AMIC,inediteducacion,inediteducacion.com ( ineditweb.es),,,,
633,AMIC,vadevi,vadevi.cat,,,,
634,AMIC,valledeelda,valledeelda.com,,,,
635,AMIC,carrerlliure,carrerlliure.cat,,,,
636,AMIC,canalte24,canalte24.cat,,,,
637,AMIC,esportsradio,esportsradio.cat,,,,
638,AMIC,larepublicaesportiva,larepublicaesportiva.cat,,,,
639,AMIC,mon,mon,,,,
640,AMIC,esportbalear,esportbalear.es,,,,
641,AMIC,esportandreuenc,esportandreuenc.cat,,,,
642,AMIC,lapositiva,lapositiva.cat,,,,
643,AMIC,elgourmetcatala,elgourmetcatala.cat,,,,
644,AMIC,foodiesonmenorca,foodiesonmenorca.com,,,,
645,AMIC,vadegust,vadegust.cat,,,,
646,AMIC,balearsvadegust,balearsvadegust.cat,,,,
647,AMIC,hibridosyelectricos,hibridosyelectricos.com(publico.es),,,,
648,AMIC,metadata,metadata.cat,,,,08005
649,AMIC,blanquinegres,blanquinegres.com,,,,
650,AMIC,Junior-report,Junior-report.cat,,,,
651,AMIC,saplaca,saplaca.cat,,,,
652,AMIC,totpla,totpla.cat,,,,07260
653,AMIC,la-clau,la-clau.net,,,,
654,AMIC,onadigital,onadigital.cat,,,,
655,AMIC,sermaestrat,sermaestrat.com,,,,
656,AMIC,somgandia,somgandia.com,,,,
657,AMIC,somsafor,somsafor.com,,,,
658,AMIC,radiojove,radiojove.cat,,,,
659,AMIC,baixcampradio,baixcampradio.com,,,,
660,AMIC,empordà,empordà.info,,,,
661,AMIC,líniaciutatvella,líniaciutatvella.cat,,,,
662,AMIC,liniacornella,liniacornella.cat,,,,
663,AMIC,líniaeixample,líniaeixample.cat,,,,
664,AMIC,líniagracia,líniagracia.cat,,,,
665,AMIC,líniahorta,líniahorta.cat,,,,
666,AMIC,liniahospitalet,liniahospitalet.cat,,,,
667,AMIC,línialescorts,línialescorts.cat,,,,
668,AMIC,liniamar,liniamar.cat,,,,
669,AMIC,línianord,línianord.cat,,,,
670,AMIC,línianoubarris,línianoubarris.cat,,,,
671,AMIC,liniarambla,liniarambla.cat,,,,
672,AMIC,líniasantandreu,líniasantandreu.cat,,,,
673,AMIC,líniasantmarti,líniasantmarti.cat,,,,
674,AMIC,líniasants,líniasants.cat,,,,
675,AMIC,líniasarria,líniasarria.cat,,,,
676,AMIC,liniatres,liniatres.cat,,,,
677,AMIC,líniavalles,líniavalles.cat,,,,
678,AMIC,sommontmeló,sommontmeló.cat,,,,
679,AMIC,sommontornès,sommontornès.cat,,,,
680,AMIC,Territoris,Territoris.cat,,,,
681,AMIC,Viumolinsderei,Viumolinsderei.com,,,,
682,AMIC,Viurealspirineus,Viurealspirineus.cat,,,,
683,AMIC,andreuenc,andreuenc.cat,,,,
684,AMIC,apropebre,apropebre.cat,,,,43590
685,AMIC,calderi,calderi.cat,,,,
686,AMIC,canalbaixpenedes,canalbaixpenedes.cat,,,,43881
687,AMIC,castelldefels,castelldefels.digital,,,,
688,AMIC,districte7,districte7.cat,,,,
689,AMIC,ebreactiu,ebreactiu.cat,,,,43870
690,AMIC,el3,el3.cat,,,,08014
691,AMIC,elmirall,elmirall.net,,,,
692,AMIC,elmonic,elmonic.cat,,,,
693,AMIC,elpoll,elpoll.tv,,,,
694,AMIC,eltotbadalona,eltotbadalona.cat,,,,
695,AMIC,esplugues,esplugues.digital,,,,
696,AMIC,jornalet,jornalet.com,,,,
697,AMIC,laguait,laguait.cat,,,,17100
698,AMIC,lamarina,lamarina.cat,,,,
699,AMIC,lapremsamagazine,lapremsamagazine.cat,,,,
700,AMIC,larella,larella.cat,,,,
701,AMIC,lasemaineduroussillon,lasemaineduroussillon.com,,,,
702,AMIC,lecositges,lecositges.cat,,,,
703,AMIC,lleida24,lleida24.cat,,,,25006
704,AMIC,madeinperpignan,madeinperpignan.com,,,,
705,AMIC,marina360,marina360.cat,,,,
706,AMIC,martorelltv,martorelltv.com,,,,08740
707,AMIC,radioarrels,radioarrels.cat,,,,66000
708,AMIC,radiositges,radiositges.com,,,,
709,AMIC,revistagroc,revistagroc.com,,,,
710,AMIC,ripolletaldia,ripolletaldia.cat,,,,
711,AMIC,Santandreutv,Santandreutv.com,,,,
712,AMIC,sitgesactiu,sitgesactiu.com,,,,
713,AMIC,teleponent,teleponent.cat,,,,25008
714,AMIC,tot-hospitalet,tot-hospitalet.cat,,,,08901
715,AMIC,vilapress,vilapress.cat,,,,
716,AMIC,zonasec,zonasec.cat,,,,
717,AMIC,aabrera,aabrera.com,,,,
718,AMIC,aesparraguera,aesparraguera.com,,,,
723,AMIC,puntinformatiu,puntinformatiu.cat,,,,
724,AMIC,canalajuntament,canalajuntament.cat,,,,
725,AMIC,laradiodelsnens,laradiodelsnens.cat,,,,
726,AMIC,revistahiperbolic,revistahiperbolic.com,,,,
727,AMIC,ahoramarinabaixa,ahoramarinabaixa.es,,,,03590
728,AMIC,paris-barcelona,paris-barcelona.com,,,,69003
729,AMIC,suasesport,suasesport.com,,,,
730,AMIC,onacatradio,onacatradio.cat,,,,08191
731,AMIC,parlant-de-detalls,parlant-de-detalls.cat,,,,
732,AMIC,saltramusica,saltramusica.cat,,,,
733,AMIC,latraca,latraca.net,,,,
734,AMIC,criar,criar.cat (grup naciodigital),,,,
735,AMIC,qualsevolnit,qualsevolnit.cat,,,,
736,AMIC,laveudalgemesi,laveudalgemesi.es,,,,
737,AMIC,formularapida,formularapida.net,,,,
738,AMIC,barcelonaalemany,barcelonaalemany.com,,,,
739,AMIC,Lesmuntanyes,Lesmuntanyes.com,,,,
740,AMIC,revistaglobalclub,revistaglobalclub.es,,,,
741,AMIC,equinoxmagazine,equinoxmagazine.fr,,,,08013
743,AMIC,diacritic,diacritic.cat (fotlipou.com),,,,
744,AMIC,ludica,ludica.cat,,,,07014
745,AMIC,radiolavallduixo,radiolavallduixo.com,,,,
746,AMIC,aquicatalunha,aquicatalunha.com.br,,,,
747,AMIC,spacelaw,spacelaw.net   NO PUBLI,,,,
748,AMIC,Social,Social.cat,,,,
749,AMIC,tresdeu,tresdeu.com,,,,46016
750,AMIC,suhecapuntcom,suhecapuntcom.com,,,,
751,AMIC,fulldenginyeria,fulldenginyeria.cat,,,,
752,AMIC,portada,portada.info,,,,
753,AMIC,fetasantfeliu,fetasantfeliu.cat,,,,
754,AMIC,elsbruguersdigital,elsbruguersdigital.cat,,,,
755,AMIC,centpercent,centpercent.cat,,,,07500
756,AMIC,mallorcactual,mallorcactual.com,,,,
757,AMIC,manacorcomarcal,manacorcomarcal.com,,,,
758,AMIC,menorcadiario,menorcadiario.es,,,,
759,AMIC,onamediterrania,onamediterrania.cat,,,,
760,AMIC,Periodicodeibiza,Periodicodeibiza.es,,,,
761,AMIC,sompollença,sompollença.cat,,,,
762,AMIC,forum,forum.ad,,,,
763,AMIC,bondia,bondia.ad,,,,
764,AMIC,laciutat ,laciutat,,,,
765,AMIC,20 minutos barcelona,,,,,
766,AMIC,capgròs mataró i maresme,,,,,
767,AMIC,el nostre banyeres,,,,,
768,AMIC,diari més tarragona reus i costa daurada,,,,,
769,AMIC,el mirall.net,,,,,
770,AMIC,el nou de l'empordà,,,,,
771,AMIC,els colors del pla de l'estany,,,,,
772,AMIC,freqüència,,,,,08241
773,AMIC,gente catalunya,,,,,28006
774,AMIC,groc,,,,,
775,AMIC,indicador d'economía,,,,,
776,AMIC,la bústia del baix llobregat,,,,,
777,AMIC,la fura,,,,,08720
778,AMIC,la marina,,,,,
779,AMIC,el nostre muro,,,,,
780,AMIC,"la torre de barcelona (ed. sarrià, sant gervasi i les corts)",,,,,
781,AMIC,la torre de barcelona - oci i cultura familiar,,,,,
782,AMIC,el nostre xixona,,,,,
783,AMIC,canfali marina alta,,,,,
784,AMIC,linia les corts,,,,,
785,AMIC,línia l'hospitalet,,,,,
786,AMIC,"línia mar (ed. baix llobregat _ castelldefels, gavà, viladecans i el prat)",,,,,
787,AMIC,línia mar (ed. baix maresme),,,,,
788,AMIC,línia nord (ed. barcelonès),,,,,
789,AMIC,línia nord (ed. montserratí) _ abans: ed. baix llobregat,,,,,
790,AMIC,línia sarrià-sant gervasi,,,,,
791,AMIC,"línia tres (esplugues, st joan d, st just d)",,,,,
792,AMIC,línia vallès (ed. vallès oriental),,,,,
793,AMIC,línia vallès (ed. cerdanyola),,,,,
794,AMIC,llevant actualitat,,,,,
795,AMIC,més! osona ripollès garrotxa moianès  (abans: més osona),,,,,
796,AMIC,més vila-seca,,,,,
797,AMIC,mollet a mà,,,,,
798,AMIC,"pànxing berguedà, bages i solsonès",,,,,
799,AMIC,pànxing maresme,,,,,
800,AMIC,pànxing tot cerdanya,,,,,
801,AMIC,"reclam la cerdanya, l'alt urgell",,,,,
802,AMIC,reclam magazín,,,,,
803,AMIC,revista culturab _ (xarxa línia),,,,,
804,AMIC,revista orgull _ (xarxa línia),,,,,
805,AMIC,santcugat magazine,,,,,08172
806,AMIC,see barcelona,,,,,
807,AMIC,sommontornès,,,,,
808,AMIC,torredembarra actualitat,,,,,
809,AMIC,anoiamagazín,,,,,08700
810,AMIC,apunt menorca,,,,,
811,AMIC,bellaterra diari,,,,,
812,AMIC,bondia,,,,,
813,AMIC,calderí,,,,,
814,AMIC,ciutadella de franc,,,,,07760
815,AMIC,cultura i paisatge a la ruta del císter,,,,,
816,AMIC,el mònic,,,,,
817,AMIC,7 dies actualitat de benicarló,,,,,
818,AMIC,7 dies actualitat de vinaròs,,,,,
819,AMIC,buris-ana,,,,,12530
820,AMIC,ciutat de carlet,,,,,46240
821,AMIC,la opinión de torrent,,,,,
822,AMIC,èxit vallès,,,,,
823,AMIC,flash deco sant cugat,,,,,
824,AMIC,iluro,,,,,
825,AMIC,info calafell,,,,,
826,AMIC,info roda,,,,,
827,AMIC,la positiva,,,,,
828,AMIC,la rella,,,,,
829,AMIC,la veu d'alginet,,,,,
830,AMIC,les mesures del pirineu,,,,,25700
831,AMIC,l'ham,,,,,
832,AMIC,l’informatiu de palau-solità i plegamans,,,,,08184
833,AMIC,l'opinió l'hospitalet i baix llobregat,,,,,
834,AMIC,magazine lleida,,,,,25001
835,AMIC,notícies del matarranya,,,,,44586
836,AMIC,nua,,,,,
837,AMIC,paral·lel oh!,,,,,08015
838,AMIC,"reclam la garrotxa""el 29""",,,,,
839,AMIC,respira comerç,,,,,17500
840,AMIC,revista badalona 2000,,,,,08912
841,AMIC,revista de vic,,,,,
842,AMIC,revista la ciutat,,,,,43001
843,AMIC,revista mira'm,,,,,
844,AMIC,revista útil,,,,,07702
845,AMIC,somiatruites,,,,,07701
846,AMIC,territoris magazine,,,,,
847,AMIC,tot caldes de montbui,,,,,08140
848,AMIC,tot .... i més,,,,,
849,AMIC,tothosap! garraf,,,,,08800
850,AMIC,tot molins,,,,,08750
851,AMIC,tot osona,,,,,
852,AMIC,"tot temàtic (tot casa, tot salut i tot gastro)",,,,,
853,AMIC,zona sec,,,,,
854,AMIC,l'alcudia 752,,,,,
855,AMIC,el nostre bocairent,,,,,
856,AMIC,7setmanari de llevat,,,,,
857,AMIC,"al portal, veus de l'aguer",,,,,
858,AMIC,el nostre oliva,,,,,
859,AMIC,cala millor 7,,,,,07550
860,AMIC,la veu d'algemesí,,,,,
861,AMIC,"camacuc, revista per xiquets i xiquetes",,,,,46200
862,AMIC,cent per cent,,,,,
863,AMIC,d ferreries,,,,,
864,AMIC,diari ara,,,,,
865,AMIC,diari menorca,,,,,
866,AMIC,dona secret,,,,,
867,AMIC,el 9 nou osona i el ripolles,,,,,
868,AMIC,el 9 nou vallès oriental,,,,,
869,AMIC,el breny,,,,,
870,AMIC,el gratis,,,,,
871,AMIC,el iris,,,,,
872,AMIC,el nostre ciutat,,,,,
873,AMIC,el periòdic d'andorra,,,,,
874,AMIC,el periòdic d'ontinyent,,,,,
875,AMIC,el saò,,,,,
876,AMIC,escaparate,,,,,
877,AMIC,estil,,,,,
878,AMIC,la semaine du roussillon,,,,,
879,AMIC,la traca,,,,,
880,AMIC,la veu de l'anoia _ info preu 1/2 diba,,,,,
881,AMIC,"las bandas periòdic de la música, les músiques i la cultura popular _ (pv)",,,,,
882,AMIC,l'eco de sitges,,,,,
883,AMIC,l'estel,,,,,
884,AMIC,magazín la mira,,,,,
885,AMIC,manacor comarcal,,,,,
886,AMIC,mel i sucre,,,,,
887,AMIC,mil dimonis,,,,,
888,AMIC,món sant cugat,,,,,
889,AMIC,penedès econòmic,,,,,
890,AMIC,periódico de ibiza y formentera,,,,,
891,AMIC,portada.info,,,,,
892,AMIC,punt informatiu pollença,,,,,
893,AMIC,revista poble (pv),,,,,
894,AMIC,s'altra música,,,,,
895,AMIC,sa plaça,,,,,
896,AMIC,setmanari informació comarcal notícies,,,,,
897,AMIC,setmanari sóller,,,,,
898,AMIC,semanario valle de elda,,,,,
899,AMIC,suheca,,,,,
900,AMIC,top girona,,,,,17007
901,AMIC,tucomarca.com,,,,46360.0,46360
902,AMIC,vallespir,,,,,
903,Iberfier,243 cat,243cat.wordpress.com,,,,
904,Iberfier,25 televisió,25televisio.com,08036,,,
905,Iberfier,40 putes,40putes.com,,,,
906,Iberfier,50x7,50x7.com,,,,
907,Iberfier,772 el diari digital de castellbisbal,772.cat,08755,,,
908,Iberfier,7 dies vallès,7diesvalles.com,08211,,,
909,Iberfier,7deràdio,7deradio.cat,,,,
910,Iberfier,777 comunica,setsetset.cat,08292,,,
911,Iberfier,8 tv,8tv.cat,08036,,,
912,Iberfier,9 exili,9exili.com,,,,
913,Iberfier,9 magazine,9magazin.el9nou.cat,08500,,,
914,Iberfier,acel obert,acelobert.com,08025,,,
915,Iberfier,actualitat penal,actualitatpenal.cat,43002,,,
916,Iberfier,actualitat valenciana,actualitatvalenciana.com,12001,,,
917,Iberfier,agència catalana de notícies,acn.cat,08029,,,
918,Iberfier,agencia efe,efe.com,28036,,,
919,Iberfier,agrocultura,agrocultura.org,08242,,,
920,Iberfier,aixoes mallorca,aixoesmallorca.com,,,,
921,Iberfier,alacant extra,alacantextra.com,46017,,,
922,Iberfier,altanto!!,altanto.cat,25110,,,
923,Iberfier,alzira ràdio,alziraradio.com,46600,,,
924,Iberfier,antena catalana,antenacatalana.net,,,,
925,Iberfier,à punt,apuntmedia.es,46100,,,
926,Iberfier,ara granollers,aragranollers.cat,08100,,,
927,Iberfier,ara vallès,aravalles.cat,08100,,,
928,Iberfier,audiovisual cabrera,audiovisualcabrera.net,08349,,,
929,Iberfier,avenç el palau,avensdelpalau.cat,25243,,,
930,Iberfier,badalona comunicació,bdncom.cat,08915,,,
931,Iberfier,badanotis,badanotis.com,,,,
932,Iberfier,banyoles tv,banyolestv.cat,17820,,,
933,Iberfier,barcelona digital radio,digitalradio.cat,08014,,,
934,Iberfier,barcelona metròpolis,barcelona.cat,08014,,,
935,Iberfier,belltall,belltall.net,,,,
936,Iberfier,benegre,benegre.cat,,,,
937,Iberfier,berguedà actual,bergactual.com,08600,,,
938,Iberfier,blanes al día,blanesaldia.com,17300,,,
939,Iberfier,boca ràdio,bocaradio.org,08032,,,
940,Iberfier,bolsamania,bolsamania.com,28020,,,
941,Iberfier,butxaca,butxaca.com,08010,,,
942,Iberfier,cafèambllet.com,cafeambllet.com,,,,
943,Iberfier,calafell radio y tv,calafell.tv,43820,,,
944,Iberfier,calamillor7,calamillor7.com,07550,,,
945,Iberfier,cam ràdio,camradio.blogspot.com.es,,,,
946,Iberfier,canal 4 radio,canal4radio.com,07121,,,
947,Iberfier,canal 4 tv,canal4televisio.com,,,,
948,Iberfier,canal set,canalset.com,08187,,,
949,Iberfier,canal taronja,canaltaronja.cat,08241,,,
950,Iberfier,capçalera,periodistes.cat,08007,,,
951,Iberfier,caràkter ciutadà,carakter.org,08830,,,
952,Iberfier,cassà digital,cassadigital.cat,17224,,,
953,Iberfier,catalunya cristiana,catalunyacristiana.cat,08014,,,
954,Iberfier,catalunya news,catalunyanews.cat,08001,,,
955,Iberfier,catalunya plural,catalunyaplural.cat,08023,,,
956,Iberfier,catalunya radio,ccma.cat,08021,,,
957,Iberfier,cat música,catmusica.cat,,,,
958,Iberfier,cerdanya digital,cerdanyadigital.cat,17520,,,
959,Iberfier,cerdanyola informa!,cerdanyolainforma.cat,08222,,,
960,Iberfier,cinegeticat,cinegeticat.cat,08261,,,
961,Iberfier,circ de tarragona,circdetarragona.com,43003,,,
962,Iberfier,ciutat nova,ciutatnova.org,17249,,,
963,Iberfier,clicama,clicama.cat,08100,,,
964,Iberfier,clic tv,clictv.cat,,,,
965,Iberfier,climática,climatica.lamarea.com,28004,,,
966,Iberfier,código nuevo,codigonuevo.com,08009,,,
967,Iberfier,comunicació palafrugell,comunicaciopalafrugell.cat,17200,,,
968,Iberfier,contra banda,contrabanda.org,08080,,,
969,Iberfier,converses a catalunya,conversesacatalunya.cat,08034,,,
970,Iberfier,cooltura fm,coolturafm.com,08005,,,
971,Iberfier,cope tarragona-reus,cope.es,43201,,,
972,Iberfier,cope valencia,cope.es,46004,,,
973,Iberfier,corporació catalana de mitjans audiovisuals,ccma.cat,08017,,,
974,Iberfier,costa magazine,costamagazine.com,43982,,,
975,Iberfier,cupatges,cupatges.cat,08041,,,
976,Iberfier,despí tv,despi.tv,,,,
977,Iberfier,d’estil,destil.cat,17469,,,
978,Iberfier,diacrític,diacritic.cat,08010,,,
979,Iberfier,diagonal,revistadiagonal.com,08028,,,
980,Iberfier,diari català,diaricatala.cat,08191,,,
981,Iberfier,diari de barcelona,diaridebarcelona.cat,08002,,,
982,Iberfier,diari de la neu,diaridelaneu.cat,17700,,,
983,Iberfier,diari de tarragona,diaridetarragona.com,43005,,,
984,Iberfier,diari de vilanova,diaridevilanova.cat,08800,,,
985,Iberfier,diari la terreta,diarilaterreta.com,12003,,,
986,Iberfier,diari la veu,diarilaveu.com,46270,,,
987,Iberfier,diari maresme,diarimaresme.com,08940,,,
988,Iberfier,diari serpis,diariserpis.com,46750,,,
989,Iberfier,diari win,diariwin.cat,08172,,,
990,Iberfier,directe!,directe.cat,08010,,,
991,Iberfier,dossier europa,dossiereuropa.eu,25002,,,
992,Iberfier,ebre exprés,ebreexpres.com,43870,,,
993,Iberfier,el 3 de vuit,el3devuit.cat,08720,,,
994,Iberfier,el babau,elbabau.net,25286,,,
995,Iberfier,el capicua,elcapicua.cat,,,,
996,Iberfier,el caso,elcaso.net,08029,,,
997,Iberfier,el castell,elcastell.org,08860,,,
998,Iberfier,el cinèfil,elcinefil.cat,,,,
999,Iberfier,el diari,eldiari.cat,08240,,,
1000,Iberfier,el diari del vallès,diaridelvalles.cat,08224,,,
1001,Iberfier,eldiario.es,eldiario.es,28028,,,
1002,Iberfier,el dimoni,eldimoni.com,17820,,,
1003,Iberfier,el far fm,elfarfm.cat,,,,
1004,Iberfier,el matí independent de lleida,elmatiindependent.com,,,,
1005,Iberfier,el mercadal,elmercadal.cat,25600,,,
1006,Iberfier,el montònec digital,montonec.cat,08736,,,
1007,Iberfier,el nacional.cat,elnacional.cat,08029,,,
1008,Iberfier,el nas de cardedeu,elnasdecardedeu.cat,08440,,,
1009,Iberfier,el nostre digital,elnostreperiodic.com,03801,,,
1010,Iberfier,el país,elpais.com,28037,,,
1011,Iberfier,el periódico,elperiodico.com,08009,,,
1012,Iberfier,el poll tv,elpolltv.cat,17240,,,
1013,Iberfier,el prat tv,elprat.tv,08820,,,
1014,Iberfier,el ripollès digital,ripollesdigital.cat,17800,,,
1015,Iberfier,el salto,elsaltodiario.com,28045,,,
1016,Iberfier,el setmanari de súria,elsetmanaridesuria.cat,08006,,,
1017,Iberfier,el sot,elsot.cat,08192,,,
1018,Iberfier,el tecnològic,eltecnologic.cat,,,,
1019,Iberfier,el ter,elter.net,08560,,,
1020,Iberfier,el tot granollers,eltotgranollers.cat,08401,,,
1021,Iberfier,el tot mataró i maresme,totmataro.cat,08301,,,
1022,Iberfier,el travesser,eltravesser.cat,43800,,,
1023,Iberfier,el triangle,eltriangle.eu,08002,,,
1024,Iberfier,el vallenc,elvallenc.cat,43800,,,
1025,Iberfier,emporda digital,empordadigital.cat,,,,
1026,Iberfier,e-notícies,e-noticies.cat,08025,,,
1027,Iberfier,entorn revista digital,revistaentorn.com,,,,
1028,Iberfier,entreacte,entreacte.cat,08030,,,
1029,Iberfier,eroski consumer,consumer.es,48230,,,
1030,Iberfier,es diari,esdiari.com,07702,,,
1031,Iberfier,esguard,revistaesguard.cat,08003,,,
1032,Iberfier,espluga fm ràdio,esplugafmradio.info,43440,,,
1033,Iberfier,esquerra diari catalunya,esquerradiari.cat,,,,
1034,Iberfier,ésteva,etv.cat,08950,,,
1035,Iberfier,estris,estris.cat,08029,,,
1036,Iberfier,ets el que menges,etselquemenges.cat,08006,,,
1037,Iberfier,fem safareig,femsafareig.cat,43330,,,
1038,Iberfier,fútbol base catalá,futbolbasecatala.cat,08019,,,
1039,Iberfier,garrotxa digital,garrotxadigital.cat,17800,,,
1040,Iberfier,gavà tv,gavatv.cat,08850,,,
1041,Iberfier,gent gran,gentgran.org,08011,,,
1042,Iberfier,gidona,gidona.cat,17455,,,
1043,Iberfier,gironanotícies.com,gironanoticies.com,,,,
1044,Iberfier,globalon,globalon.es,,,,
1045,Iberfier,gool natura,goolnatura.cat,,,,
1046,Iberfier,gràcia món,graciamon.cat,,,,
1047,Iberfier,gràcia televisió,graciatelevisio.cat,,,,
1048,Iberfier,gramenet 2.0,gramenet20.com,,,,
1049,Iberfier,granollers informa!,granollersinforma.com,08222,,,
1050,Iberfier,gran vía radio,granviaradio.wixsite.com,08020,,,
1051,Iberfier,groc revista,revistagroc.com,25600,,,
1052,Iberfier,grup4,grup4.com,07121,,,
1053,Iberfier,guia nupcial,guianupcial.com,43713,,,
1054,Iberfier,hiperbòlic,hiperbolic.es,07012,,,
1055,Iberfier,hit 103,hit103.cat,43800,,,
1056,Iberfier,hola lleida,holalleida.com,25001,,,
1057,Iberfier,hora nova,horanova.cat,17600,,,
1058,Iberfier,ib3 televisió y ràdio,ib3tv.com,07180,,,
1059,Iberfier,icat radio,catradio.cat,08970,,,
1060,Iberfier,imc barcelona,barcelona.indymedia.org,,,,
1061,Iberfier,independent barbera,independentbarbera.cat,08210,,,
1062,Iberfier,indumentat,indumentat.com,,,,
1063,Iberfier,info jonquera,infojonquera.cat,17700,,,
1064,Iberfier,jove espectacle,jovespectacle.cat,08391,,,
1065,Iberfier,junior report,junior-report.media,08010,,,
1066,Iberfier,kodro.cat,kodro.cat,08320,,,
1067,Iberfier,la cala rtv,ametllamar.cat,43860,,,
1068,Iberfier,l'accent,laccent.cat,,,,
1069,Iberfier,la farga - revista de salt,revistalafarga.cat,17190,,,
1070,Iberfier,l'actual,radiocastellar.cat,08211,,,
1071,Iberfier,la fulla,lafulla.cat,25332,,,
1072,Iberfier,la local ràdio tiana,lalocal.tianat.cat,08391,,,
1073,Iberfier,la marina digital,lamarinadigital.cat,08038,,,
1074,Iberfier,la nova ràdio,lanovaradio.cat,13201,,,
1075,Iberfier,la ocho mediterráneo,laocho.tv,46023,,,
1076,Iberfier,la palanca,lapalanca.cat,25730,,,
1077,Iberfier,la plana al día,laplanaaldia.com,12530,,,
1078,Iberfier,la revistona,larevistona.cat,,,,
1079,Iberfier,l'artesenc,lartesenc.cat,08271,,,
1080,Iberfier,la veu de benicarló,laveudebenicarlo.info,12580,,,
1081,Iberfier,latinos fm,latinosfm.es,,,,
1082,Iberfier,la vanguardia,lavanguardia.com,08036,,,
1083,Iberfier,l'avenç,lavenc.cat,08010,,,
1084,Iberfier,la vila,lavila.cat,43840,,,
1085,Iberfier,lacolumna.cat,lacolumna.cat,08003,,,
1086,Iberfier,la vila digital,laviladigital.com,08470,,,
1087,Iberfier,la xarxa,laxarxa.com,08310,,,
1088,Iberfier,l’eco de sitges,lecodesitges.cat,08870,,,
1089,Iberfier,l'econòmic,leconomic.cat,08009,,,
1090,Iberfier,l'esportiu de catalunya,lesportiudecatalunya.cat,17005,,,
1091,Iberfier,levante ud radio,levanteud.com,46019,,,
1092,Iberfier,lhdigital,lhdigital.cat,08902,,,
1093,Iberfier,l'hora | el diari en línia de nou cicle,noucicle.org,,,,
1094,Iberfier,lliure i millor,lliureimillor.cat,17820,,,
1095,Iberfier,llobregós informatiu,llobregos.info,25750,,,
1096,Iberfier,l’opció,lopcio.cat,43800,,,
1097,Iberfier,lo pedris,lopedris.cat,43380,,,
1098,Iberfier,l'unilateral,unilateral.cat,08302,,,
1099,Iberfier,malgrat comunicació,malgratcomunicacio.cat,08380,,,
1100,Iberfier,maresme 360,maresme360.cat,17410,,,
1101,Iberfier,matadepera tv,matadepera.cat,08230,,,
1102,Iberfier,mataró audiovisual,mataroaudiovisual.alacarta.cat,,,,
1103,Iberfier,mètode,metode.cat,46008,,,
1104,Iberfier,mislata news,mislatanews.com,46920,,,
1105,Iberfier,mislata radio,mislataradio.com,46920,,,
1106,Iberfier,molins tv,molinstvonline.cat,08750,,,
1107,Iberfier,món empresarial,monempresarial.com,08006,,,
1108,Iberfier,montcada ràdio,montcadaradio.com,08110,,,
1109,Iberfier,nationalia,nationalia.cat,08029,,,
1110,Iberfier,noticiari es saig,essaig.cat,07210,,,
1111,Iberfier,nous catalans,nouscatalans.cat,,,,
1112,Iberfier,nova badia,novabadia.com,,,,
1113,Iberfier,nova conca,novaconca.cat,43800,,,
1114,Iberfier,novelda radio,noveldaradio.es,03660,,,
1115,Iberfier,núvol,nuvol.com,08001,,,08001
1116,Iberfier,ona mar,onamar.net,08913,,,
1117,Iberfier,ona mediterrània radio,onamediterrania.cat,07001,,,
1118,Iberfier,ona sants-monjüic,onadesants.cat,08014,,,
1119,Iberfier,onda cero castellón,ondacero.es,12002,,,
1120,Iberfier,onda cero catalunya,ondacero.es,08002,,,
1121,Iberfier,onda cero lleida,ondacero.es,28703,,,
1122,Iberfier,onda cero marina-baixa,ondacero.es,03570,,,
1123,Iberfier,onda cero tarragona,ondacero.es,43001,,,
1124,Iberfier,onda cero vilanova,ondacero.es,08800,,,
1125,Iberfier,on economía,oneconomia.com,08029,,,
1126,Iberfier,opcions,opcions.org,08042,,,
1127,Iberfier,orgull ràdio,orgull.cat,08041,,,
1128,Iberfier,osona informa!,osonainforma.cat,08222,,,
1129,Iberfier,palafrugell fm,radiopalafrugell.cat,17200,,,
1130,Iberfier,palau informatiu,palauinformatiu.info,08014,,,
1131,Iberfier,pantalla,pantalla.cat,,,,
1132,Iberfier,papers de vi,papersdevi.cat,08328,,,
1133,Iberfier,pares i nens,paresinens.cat,08172,,,
1134,Iberfier,piera tv,viladepiera.cat,08784,,,
1135,Iberfier,pilota veu,pilotaveu.com,46270,,,
1136,Iberfier,portaveu,portaveu.cat,25740,,,
1137,Iberfier,principal,principal.cat,08960,,,
1138,Iberfier,público,publico.es,08018,,,
1139,Iberfier,radar fm,radarfm.cat,,,,
1140,Iberfier,ràdio 4,rtve.es,28223,,,
1141,Iberfier,radio aktiva,radioaktivat.org,,,,
1142,Iberfier,radio alcoy,radioalcoy.com,03803,,,
1143,Iberfier,radio altea,radioaltea.com,03590,,,
1144,Iberfier,ràdio artà,radioarta.cat,07570,,,
1145,Iberfier,ràdio badalona,radiob.cat,08915,,,
1146,Iberfier,radio bala,radiobalamanresa.wordpress.com,,,,
1147,Iberfier,radio balaguer,radiobalaguer.cat,25600,,,
1148,Iberfier,ràdio barcelona,cadenaser.com,28013,,,
1149,Iberfier,ràdio begues,radiobegues.cat,08859,,,
1150,Iberfier,ràdio bon matí,radiobonmati.net,17164,,,
1151,Iberfier,radio calella televisió,radiocalella.cat,08370,,,
1152,Iberfier,ràdio canovelles city,radiocanovelles.com,08420,,,
1153,Iberfier,ràdio cardedeu,radiocardedeu.com,08440,,,
1154,Iberfier,radio castellón,cadenaser.com,12003,,,
1155,Iberfier,ràdio ciutat vella,radiociutatvella.es,08001,,,
1156,Iberfier,ràdio cocentaina,radiococentaina.com,03820,,,
1157,Iberfier,ràdio despí,radiodespi.net,08970,,,
1158,Iberfier,radio elche,cadenaser.com,03201,,,
1159,Iberfier,radio esparreguera,radioesparreguera.cat,08292,,,
1160,Iberfier,ràdio èxit,radioexit.com,,,,
1161,Iberfier,ràdio girona,cadenaser.com,17001,,,
1162,Iberfier,ràdio gladys palmera,gladyspalmera.com,08009,,,
1163,Iberfier,radio gracia,lameva.barcelona.cat,08012,,,
1164,Iberfier,ràdio hospitalet,radiohospitalet.cat,43890,,,
1165,Iberfier,ràdio illa formentera,radioilla.cat,07860,,,
1166,Iberfier,radio klara,radioklara.org,46001,,,
1167,Iberfier,ràdio l’arboç,radiobaixpenedes.com,43720,,,
1168,Iberfier,radio la selva,radiolaselva.cat,,,,
1169,Iberfier,ràdio litoral,radiolitoral.org,08395,,,
1170,Iberfier,ràdio lleida,cadenaser.com,25007,,,
1171,Iberfier,ràdio l'om,radiolom.es,46220,,,
1172,Iberfier,radio manises,radiomanises.es,46940,,,
1173,Iberfier,radio marca barcelona,radiomarcabarcelona.com,08006,,,
1174,Iberfier,radio matarranya,radiomatarranya.com,44580,,,
1175,Iberfier,radio milleniun de alicante,radiomilleniumdealicante.es,,,,
1176,Iberfier,ràdio mistelera,radiomistelera.blogspot.com.es,03709,,,
1177,Iberfier,ràdio mollet,radiomollet.com,08100,,,
1178,Iberfier,ràdio mora de ebre,radiomoradebre.cat,43740,,,
1179,Iberfier,radio nova,vilanovainformacio.cat,08800,,,
1180,Iberfier,radio olot,radiolot.cat,17800,,,
1181,Iberfier,radio ontinyent,radioontinyent.com,46870,,,
1182,Iberfier,radio palau,radiopalau.cat,08184,,,
1183,Iberfier,radio pego,radiopego.com,03780,,,
1184,Iberfier,radio piera,radiopiera.cat,08784,,,
1185,Iberfier,ràdio pinsania,radiopinsania.wordpress.com,,,,
1186,Iberfier,ràdio platja d’aro,rpa.cat,17250,,,
1187,Iberfier,radio pollença,radiopollença.net,07460,,,
1188,Iberfier,ràdio reus,cadenaser.com,43204,,,
1189,Iberfier,radio ripol ona 90,corisamediagrup.com,,,,
1190,Iberfier,ràdio salut,radiosalut.com,08006,,,
1191,Iberfier,radio san font,radiosantfost.cat,08105,,,
1192,Iberfier,ràdio santa perpetua,staperpetua.org,08130,,,
1193,Iberfier,ràdio sant pere i sant pau,radiospsp.com,43007,,,
1194,Iberfier,ràdio sant vicenç,radiosvh.info,08620,,,
1195,Iberfier,ràdio sentmenat,radiosentmenat.com,,,,
1196,Iberfier,ràdioseu,radioseu.cat,25700,,,
1197,Iberfier,ràdio sió agramunt,radiosio.cat,25310,,,
1198,Iberfier,radio star terrassa,radiostarterrassa.com,08227,,,
1199,Iberfier,radioteatre,radioteatre.com,,,,
1200,Iberfier,radio uji,radio.uji.es,12701,,,
1201,Iberfier,ràdio ulldecona i tvu,radioulldecona.net,43550,,,
1202,Iberfier,radio umh,radio.umh.es,03202,,,
1203,Iberfier,radio valencia,cadenaser.com,46002,,,
1204,Iberfier,radio vila-real,radiovila-real.es,12540,,,
1205,Iberfier,rap 107,rap107.fm,08150,,,
1206,Iberfier,remember ràdio joventut,radiojoventut.es,,,,
1207,Iberfier,report.cat,report.cat,08007,,,
1208,Iberfier,revista alella,revistaalella.cat,08328,,,
1209,Iberfier,revista baix empordà,revistabaixemporda.cat,17230,,,
1210,Iberfier,revista caramella,revistacaramella.cat,08513,,,
1211,Iberfier,revista castells,revistacastells.cat,08870,,,
1212,Iberfier,revista de catalunya,revistadecatalunya.cat,08001,,,
1213,Iberfier,revista de girona,revistadegirona.cat,17004,,,
1214,Iberfier,revista musical catalana,revistamusical.cat,08003,,,
1215,Iberfier,revista som i serem,revistasomiserem.com,,,,
1216,Iberfier,ribeirabaixa.info,riberabaixa.info,46410,,,
1217,Iberfier,ribera tv,riberatelevisio.com,46600,,,
1218,Iberfier,ripollet ràdio,ripolletradio.cat,08291,,,
1219,Iberfier,roda de berà radio,web.rodadebera.cat,,,,
1220,Iberfier,roses avui,rosesavui.com,17480,,,
1221,Iberfier,rtv10 - ràdio i televisió de sant esteve sesrovires,rtv10.net,08635,,,
1222,Iberfier,rtv el vendrell,rtvelvendrell.cat,43700,,,
1223,Iberfier,rtv vilafranca,rtvvilafranca.cat,08720,,,
1224,Iberfier,rubí informa,rubiinforma.com,08222,,,
1225,Iberfier,sabadell informa,sabadellinforma.com,08222,,,
1226,Iberfier,salut i força,saludediciones.com,07010,,,
1227,Iberfier,sant andreu tv,santandreutv.com,08740,,,08740
1228,Iberfier,sant boi notícies,sbn.cat,08830,,,
1229,Iberfier,sant cugat informa,santcugatinforma.com,08222,,,
1230,Iberfier,sants ràdio,sants3radio.cat,08014,,,
1231,Iberfier,sarment,ccbalsareny.cat,08660,,,
1232,Iberfier,scanner fm,scannerfm.com,08001,,,
1233,Iberfier,semprevalencia.com,semprevalencia.com,46023,,,
1234,Iberfier,sentmenat,sentmenat.com,08181,,,
1235,Iberfier,ser tarragona,cadenaser.com,43005,,,
1236,Iberfier,set accents,7accents.cat,25007,,,
1237,Iberfier,somatents,somatents.com,08001,,,
1238,Iberfier,som garrigues,somgarrigues.cat,25400,,,
1239,Iberfier,super deporte,superdeporte.es,46014,,,
1240,Iberfier,tac 12 tv,tac12.alacarta.cat,,,,
1241,Iberfier,taradell,taradell.com,08552,,,
1242,Iberfier,taronja digital anoia,canaltaronja.cat,08241,,,
1243,Iberfier,tarragona 21,tarragona21.com,43007,,,
1244,Iberfier,tarragona empresarial,tarragonaempresarial.com,,,,
1245,Iberfier,tarragonanoticias.com,tarragonanoticias.com,,,,
1246,Iberfier,televisió d’eivissa i formentera,teftv.com,07800,,,
1247,Iberfier,televisió de vandellòs,tvvandellos.cat,,,,
1248,Iberfier,televisió sant cugat,tvsantcugat.cat,08173,,,
1249,Iberfier,temes d’avui,lanostrarevista.temesdavui.org,08008,,,
1250,Iberfier,terrassa digital,terrassadigital.cat,08222,,,
1251,Iberfier,terrassa informa,terrassainforma.com,08222,,,
1252,Iberfier,teveon,teveon.tv,43500,,,
1253,Iberfier,the new barcelona post,thenewbarcelonapost.com,08003,,,
1254,Iberfier,tot ràdio,totradio.com,,,,
1255,Iberfier,totesport.cat,totesport.cat,08301,,,
1256,Iberfier,tottarragona.cat,tottarragona.cat,43003,,,
1257,Iberfier,tramuntana tv,tramuntanatv.com,17600,,,
1258,Iberfier,tribuna,tribuna.cat,08025,,,
1259,Iberfier,tus noticias de la costera,tusnoticiasdelacostera.com,46600,,,
1260,Iberfier,tus noticias de la plana,tusnoticiasdelaplana.com,46600,,,
1261,Iberfier,tus noticias de la ribera,tusnoticiasdelaribera.com,46600,,,
1262,Iberfier,tus noticias de la safor,tusnoticiasdelasafor.com,46600,,,
1263,Iberfier,tv berguedà - bages,tvbergueda.alacarta.cat,08600,,,
1264,Iberfier,tv costa brava,tvcostabrava.alacarta.cat,17248,,,17248
1265,Iberfier,tv girona,tvgirona.alacarta.cat,17001,,,17001
1266,Iberfier,tv ripollès,corisamediagrup.com,17500,,,
1267,Iberfier,tv tossa,tvtossa.cat,17320,,,
1268,Iberfier,tv vilanova del vallès,tv.vilanovadelvalles.cat,08410,,,
1269,Iberfier,ua1 ràdio,ua1.cat,25006,,,
1270,Iberfier,valencia fiesta y tradición,valenciafiestaytradicion.com,,,,
1271,Iberfier,valencia noticies,valencianoticies.com,46009,,,
1272,Iberfier,vallès oriental televisió,votv.alacarta.cat,08028,,,
1273,Iberfier,vallirana televisió,vallirana.tv,,,,
1274,Iberfier,verificat,verificat.cat,08025,,,
1275,Iberfier,vicolot costabrava,vicolot.com,08500,,,
1276,Iberfier,videojocscat,videojocscat.cat,08172,,,
1277,Iberfier,viladecans,viladecans.net,08840,,,
1278,Iberfier,vilaweb,vilaweb.cat,08001,,,
1279,Iberfier,vinaròs news,vinarosnews.net,12500,,,
1280,Iberfier,vox uji radio,radio.uji.es,12071,,,
1281,Iberfier,weekand sabadell,weekand.net,08202,,,
1282,Iberfier,weloba,weloba.cat,08006,,,
1283,CAC,3/24,www.ccma.cat,,08970,,
1284,CAC,alcanar ràdio,www.alcanarradio.org,,43530,,
1285,CAC,alcover ràdio,www.alcoveradio.cat,,43460,,
1286,CAC,banyoles televisió,www.banyolestv.cat,,17820,,
1287,CAC,bas ràdio,www.basradio.50webs.com,,17176,,
1288,CAC,bellvei ràdio,www.bellvei.cat,,43719,,
1289,CAC,betevé 91.0 fm,www.beteve.cat,,08099,,
1290,CAC,cadena 100 barcelona,www.cadena100.es,,08037,,
1291,CAC,cadena 100 girona,www.cadena100.es,,17600,,
1292,CAC,cadena 100 lleida,www.cadena100.es,,25002,,
1293,CAC,cadena 100 reus-tarragona,www.cadena100.es,,43209,,
1294,CAC,cadena dial,www.cadenadial.com,,25007,,
1295,CAC,cadena dial barcelona,www.cadenadial.com,,08010,,
1296,CAC,cadena dial ebre,www.cadenadial.com,,43500,,
1297,CAC,cadena dial girona,www.cadenadial.com,,17999,,
1298,CAC,cadena dial penedès-garraf,www.cadenadial.com,,08720,,
1299,CAC,cadena dial salou,www.cadenadial.com,,43204,,
1300,CAC,cadena ser tarragona,www.cadenaser.com,,43210,,
1301,CAC,calafell ràdio,www.calafell.tv,,43820,,
1302,CAC,caldes fm,www.caldesdemalavella.cat,,17455,,
1303,CAC,canal 20 ràdio olèrdola,www.olerdola.cat,,08734,,
1304,CAC,canal 21 ebre,www.canal21ebre.com,,43500,,
1305,CAC,canal 4,www.grup4.com,,"08036,08960",,
1308,CAC,canal blau fm,www.canalblau.cat,,08800,,
1309,CAC,canal reus tv,www.canalreustv.cat,,43209,,
1310,CAC,canal t.e.,canalte.xiptv.cat,,43500,,
1311,CAC,canal taronja anoia,www.canaltaronja.cat,,08700,,
1312,CAC,canal taronja bages,www.canaltaronja.tv,,08249,,
1313,CAC,canal taronja osona,www.canaltaronja.tv,,08500,,
1314,CAC,canal terrassa vallès,www.terrassadigital.cat,,08229,,
1315,CAC,catalunya informació,www.ccma.cat,,08021,,
1316,CAC,catalunya música,www.ccma.cat,,08021,,
1317,CAC,catalunya ràdio,www.ccma.cat,,08021,,
1318,CAC,cerdanyola ràdio,www.cerdanyola.info,,08290,,
1319,CAC,cope,www.cope.es,,08007,,
1323,CAC,cope manresa,www.cope.es,,08249,,
1324,CAC,cope puigcerdà,www.cope.es,,08007,,
1325,CAC,cope tarragona,www.cope.es,,43003,,
1326,CAC,cugat ràdio,www.cugat.cat,,08199,,
1327,CAC,domenys ràdio,www.santjaumedelsdomenys.cat,,43713,,
1328,CAC,empordà televisió,empordatv.xiptv.cat,,17480,,
1329,CAC,emun fm ràdio albesa,www.emunfmradio.cat,,25135,,
1330,CAC,emun fm ràdio alfarràs,www.emunfmradio.cat,,25120,,
1331,CAC,emun fm ràdio alguaire,www.emunfmradio.cat,,25125,,
1332,CAC,emun fm ràdio torrefarrera,www.emunfmradio.cat,,25123,,
1333,CAC,esport3,www.ccma.cat,,08970,,
1334,CAC,etv,etv.xiptv.cat,,08950,,
1335,CAC,europa fm,www.europafm.com,,"08002,25004,17001,43004,08800",,
1341,CAC,girona fm,www.gironafm.cat,,17002,,
1342,CAC,gum fm aran,www.gum.cat,,25530,,
1343,CAC,gum fm pirineus,www.gum.cat,,25530,,
1344,CAC,hit tv,www.hittv.es,,08099,,
1345,CAC,icat,www.catradio.cat,,08021,,
1346,CAC,kiss fm,www.kissfm.es,,"08013,08229",,
1348,CAC,la cala ràdio,www.ametllamar.cat,,43860,,
1349,CAC,la veu,www.santjoandelesabadesses.cat,,17860,,
1350,CAC,l'espluga fm ràdio,www.esplugafmradio.info,,43440,,
1351,CAC,live fm,www.livefm.cat,,17530,,
1352,CAC,lleida televisió,lleidatelevisio.xiptv.cat,,25999,,
1355,CAC,los40 catalunya,www.los40.com,,08010,,
1356,CAC,los40 catalunya central,www.los40.com,,08249,,
1357,CAC,los40 classic,www.los40.com,,43204,,
1358,CAC,los40 classic lleida,www.los40.com,,25007,,
1359,CAC,los40 costa brava,www.los40.com,,17999,,
1360,CAC,los40 girona,www.los40.com,,17999,,
1361,CAC,los40 la selva,www.los40.com,,17430,,
1362,CAC,los40 lleida,www.los40.com,,25007,,
1363,CAC,los40 mora d'ebre,www.los40.com,,43500,,
1364,CAC,los40 osona,www.los40.com,,08500,,
1365,CAC,los40 penedès-garraf,www.los40.com,,08800,,
1366,CAC,los40 pirineus puigcerdà,www.los40.com,,08010,,
1367,CAC,los40 tarragona,www.los40.com,,43210,,
1368,CAC,los40 urban,los40.com,,08099,,
1369,CAC,los40 urban,www.los40.com,,08010,,
1371,CAC,mar tv,www.martv.tv,,08330,,
1372,CAC,matadepera ràdio,www.matadepera.cat,,08230,,
1373,CAC,mataró televisió,www.mataroaudiovisual.cat,,08300,,
1374,CAC,máxima fm,www.maxima.fm,,17999,,
1375,CAC,melodía fm,www.melodia-fm.com,,"17004,08002,25004",,
1378,CAC,molahits tv,www.molatv.cat,,08809,,
1379,CAC,montbui ràdio,,,08710,,
1380,CAC,noucinc.2 ràdio,www.terrassadigital.cat,,08222,,
1381,CAC,olesa ràdio,www.olesademontserrat.cat,,08640,,
1382,CAC,ona bitlles,www.onabitlles.cat,,08776,,
1383,CAC,ona malgrat,www.malgratcomunicacio.cat,,08380,,
1384,CAC,ona vilamalla,www.onavilamalla.net,,17469,,
1385,CAC,onda cero,www.ondacero.es,,"43004,08800,25004,08002,17001",,
1391,CAC,penedès fm subirats,www.penedesfm.cat,,08739,,
1392,CAC,penedès tv,www.rtvvilafranca.cat,,08720,,
1393,CAC,premià de dalt ràdio,www.premiadedalt.cat,,08338,,
1394,CAC,pròxima fm,www.proxima.cat,,25700,,
1395,CAC,punt 7 ràdio sant celoni,www.santceloni.cat,,08470,,
1396,CAC,ràdio 010,www.radio010.cat,,08273,,
1397,CAC,ràdio almacelles,,,25100,,
1398,CAC,ràdio aran,www.baqueira.es,,25598,,
1399,CAC,ràdio arbeca,,,25140,,
1400,CAC,ràdio arboç,www.radiobaixpenedes.cat,,43720,,
1401,CAC,ràdio arbúcies,www.arbucies.cat,,17401,,
1402,CAC,ràdio artesa de segre,www.ras.cat,,25730,,
1403,CAC,ràdio balaguer,www.radiobalaguer.cat,,25600,,
1404,CAC,ràdio barberà,www.radiobarbera.fm,,08210,,
1405,CAC,ràdio barcelona - cadena ser,www.cadenaser.com,,08010,,
1406,CAC,ràdio batea,,,43786,,
1407,CAC,ràdio begur,www.begur.cat,,17255,,
1408,CAC,ràdio bellpuig,,,25250,,
1409,CAC,ràdio berga,,,08600,,
1410,CAC,ràdio besalú,radiobesalu.blogspot.com.es,,17850,,
1411,CAC,ràdio bonmatí,www.radiobonmati.net,,17164,,
1412,CAC,ràdio cabanes,www.radiocabanes.cat,,17761,,
1413,CAC,ràdio calella,www.radiocalella.cat,,08370,,
1414,CAC,ràdio cambrils,www.radiocambrils.cat,,43850,,
1415,CAC,ràdio camprodon,,,17867,,
1416,CAC,ràdio cardona,,,08261,,
1417,CAC,ràdio castellar,www.castellarvalles.cat,,08211,,
1418,CAC,ràdio castellterçol,,,08183,,
1419,CAC,ràdio cervelló,,,08758,,
1420,CAC,ràdio corbera,www.corberadellobregat.cat,,08757,,
1421,CAC,ràdio corbins,,,25137,,
1422,CAC,ràdio costa brava - ser catalunya,www.cadenaser.com,,17230,,
1423,CAC,ràdio delta,www.deltebre.cat,,43580,,
1424,CAC,ràdio el morell,www.radiomorell.cat,,43760,,
1425,CAC,ràdio el pla,,,43810,,
1426,CAC,ràdio el vendrell,www.rtvelvendrell.cat,,43700,,
1427,CAC,ràdio esparreguera,www.esparreguera.cat,,08292,,
1428,CAC,ràdio estudi,,,08950,,
1429,CAC,ràdio gandesa,www.gandesa.cat,,43780,,
1430,CAC,ràdio girona - cadena ser,www.cadenaser.com,,17999,,
1431,CAC,ràdio joventut,www.radiojoventut.cat,,43878,,
1432,CAC,ràdio juneda,webs.juneda.cat,,25430,,
1433,CAC,ràdio la bisbal,www.labisbal.cat,,17100,,
1434,CAC,ràdio la llagosta,www.radiolallagosta.cat,,08120,,
1435,CAC,ràdio la selva,www.radiolaselva.cat,,43470,,
1436,CAC,ràdio les,torismeles.com,,25540,,
1437,CAC,ràdio l'hospitalet de l'infant,radio.vandellos-hospitalet.cat,,43891,,
1438,CAC,ràdio llançà,www.radiollanca.cat,,17490,,
1439,CAC,ràdio lleida - cadena ser,www.cadenaser.com,,25007,,
1440,CAC,ràdio manresa - cadena ser,www.cadenaser.com,,08099,,
1441,CAC,ràdio mar d'amunt,,,17489,,
1442,CAC,ràdio marca barcelona,www.marca.com,,08006,,
1443,CAC,ràdio martorell,www.martorell.cat,,08760,,
1444,CAC,ràdio moià,www.radiomoia.cat,,08180,,
1445,CAC,ràdio mollet del vallès,www.radiomollet.com,,08100,,
1446,CAC,ràdio montesquiu,,,08589,,
1447,CAC,ràdio móra d'ebre - cadena ser,www.cadenaser.com,,43740,,
1448,CAC,ràdio móra la nova,www.radiomoralanova.cat,,43770,,
1449,CAC,ràdio nova,www.vilanovainformacio.cat,,08788,,
1450,CAC,ràdio olot,www.radiolot.cat,,17800,,
1451,CAC,ràdio palau,www.radiopalau.cat,,08184,,
1452,CAC,ràdio pallejà,radiopalleja.blogspot.com.es,,08780,,
1453,CAC,ràdio piera,www.radiopiera.cat,,08784,,
1454,CAC,ràdio pinós,www.centrecat.com,,25287,,
1455,CAC,ràdio pirineus - ser catalunya,www.cadenaser.com,,17520,,
1456,CAC,ràdio platja d'aro,www.rpa.cat,,17250,,
1457,CAC,ràdio ponent,,,25230,,
1458,CAC,ràdio ponts,,,25740,,
1459,CAC,ràdio puigcerdà,www.puigcerda.cat,,17520,,
1460,CAC,ràdio quart,www.quart.cat,,17242,,
1461,CAC,ràdio ribes,,,08810,,
1462,CAC,ràdio ripoll,www.corisamediagrup.com,,17500,,
1463,CAC,ràdio ripollet,www.ripolletradio.cat,,08291,,
1464,CAC,ràdio roda,www.radioroda.cat,,08510,,
1465,CAC,ràdio salt,www.viladesalt.cat,,17190,,
1466,CAC,ràdio sant esteve,www.rtv10.net,,08635,,
1467,CAC,ràdio sant fruitós,radiosantfruitos.cat,,08272,,
1468,CAC,ràdio sant gregori,www.santgregori.cat,,17150,,
1469,CAC,ràdio sant pol,www.radiosantpol.cat,,08395,,
1470,CAC,ràdio santa cristina,,,17246,,
1471,CAC,ràdio santa perpètua,www.staperpetua.org,,08130,,
1472,CAC,ràdio santa susanna,www.stasusanna.org,,08398,,
1473,CAC,ràdio santpedor,www.santpedor.net,,08251,,
1474,CAC,ràdio santvi,www.radiosantvi.cat,,08394,,
1475,CAC,ràdio seu fm,www.radioseu.cat,,25700,,
1476,CAC,ràdio sió,www.radiosio.cat,,25310,,
1477,CAC,ràdio st. vicenç,www.radiosvh.info,,08620,,
1478,CAC,ràdio tàrrega,www.radiotarrega.cat,,25300,,
1479,CAC,radio teletaxi,www.radioteletaxi.com,,"08929,08922,08900",,
1494,CAC,ràdio térmens,,,25670,,
1495,CAC,ràdio torregrossa,,,25141,,
1496,CAC,ràdio tossa,www.radiotossa.com,,17320,,
1497,CAC,ràdio vallalta,www.santiscle.cat,,08359,,
1498,CAC,ràdio valls - hit 103,www.hit103.com,,43800,,
1499,CAC,ràdio vila,www.radiovila.cat,,08232,,
1500,CAC,ràdio vilafranca,www.rtvvilafranca.cat,,08720,,
1501,CAC,ràdio vilamajor,www.radiovilamajor.cat,,08459,,
1502,CAC,ràdiob - ràdio ciutat de badalona,www.radiob.cat,,08919,,
1503,CAC,rap 107 fm,www.rap107.fm,,08150,,
1504,CAC,rock fm,www.rockfm.fm,,08007,,
1508,CAC,roda de berà ràdio,www.rodadebera.cat,,,,
1509,CAC,sarroca ràdio,www.santmartisarroca.cat,,08731,,
1510,CAC,selva fm,www.selvafm.cat,,17404,,
1511,CAC,selva fm breda,www.selvafm.cat,,17400,,
1512,CAC,ser,www.cadenaser.com,,,,
1513,CAC,ser penedès-garraf,www.cadenaser.com,,08720,,
1514,CAC,sx3/33,www.ccma.cat,,08970,,
1515,CAC,tac 12,www.tac12.tv,,43089,,
1516,CAC,te24,www.canalte24.cat,,43500,,
1517,CAC,teleb - televisió de badalona,www.teleb.cat,,08919,,
1518,CAC,televisió costa brava,www.tvcostabrava.com,,17248,,
1519,CAC,televisió de girona,www.tvgirona.tv,,17999,,
1520,CAC,televisió del berguedà - catalunya central,tvbergueda.xiptv.cat,,08600,,
1521,CAC,televisió del ripollès,televisiodelripolles.xiptv.cat,,17500,,
1522,CAC,terramar penedès,www.etv.cat,,08950,,
1523,CAC,terramar tarragona,www.etv.cat,,08950,,
1524,CAC,tivissa ràdio,www.tivissa.altanet.org,,43746,,
1525,CAC,tot tv,www.tottv.cat,,25700,,
1527,CAC,tv de l'hospitalet,www.lhdigital.cat,,08909,,
1528,CAC,tv el vendrell,www.rtvelvendrell.cat,,08720,,
1529,CAC,tv la selva,www.tvlaselva.cat,,08960,,
1530,CAC,tv sabadell vallès,www.tvsabadell-valles.cat,,08241,,
1531,CAC,tvscvallès 1,www.tvsantcugat.cat,,,,
1532,CAC,ua1 lleida ràdio,www.ua1.cat,,25999,,
1533,CAC,vacarisses ràdio,www.vacarisses.cat,,08233,,
1534,CAC,vallès oriental tv,www.votv.cat,,08409,,
1535,CAC,vallfogona ràdio,,,25680,,
1536,CAC,vilassar de dalt ràdio,www.vilassardedalt.org,,08339,,
1537,CAC,vilassar ràdio,vilassarradio.cat,,08340,,
1538,OJD,7televalencia,7televalencia.com,,,46988.0,
1539,OJD,actualidadcastellon,actualidadcastellon.com,,,46007.0,
1540,OJD,actualidadvalencia,actualidadvalencia.com,,,46007.0,
1541,OJD,agendadeisa,agendadeisa.com,,,46112.0,
1542,OJD,agronewscomunitatvalenciana,agronewscomunitatvalenciana.com,,,46009.0,
1543,OJD,algemesialdia,algemesialdia.com,,,46680.0,
1544,OJD,alicanteplaza,alicanteplaza.es,,,,
1545,OJD,aquimediosdecomunicacion,aquimediosdecomunicacion.com,,,3204.0,
1546,OJD,benissadigital,benissadigital.es,,,3725.0,
1547,OJD,betera,betera.com,,,46190.0,
1548,OJD,calpdigital,calpdigital.es,,,3725.0,
1549,OJD,camp-de-turia,camp-de-turia.es,,,46190.0,
1550,OJD,canal56,canal56.com,,,12500.0,
1551,OJD,castellonbase,castellonbase.com,,,12006.0,
1552,OJD,castellondiario,castellondiario.com,,,12130.0,
1553,OJD,castelloninformacion,castelloninformacion.com,,,12004.0,
1554,OJD,castellonplaza,castellonplaza.com,,,46002.0,
1555,OJD,cbnoticias,cbnoticias.com,,,3110.0,
1556,OJD,comarcal,comarcal.tv,,,46800.0,
1557,OJD,comarcalcv,comarcalcv.com,,,46900.0,
1558,OJD,copealcoy,copealcoy.es,,,46013.0,
1559,OJD,denia,denia.com,,,3700.0,
1560,OJD,deniadigital,deniadigital.es,,,3725.0,
1561,OJD,diadia,diadia.cat,,,12150.0,
1562,OJD,diaridigital,diaridigital.es,,,46800.0,
1563,OJD,diario siglo xxi,diario siglo xxi,,,46015.0,
1564,OJD,diariodealicante,diariodealicante.net,,,46007.0,
1565,OJD,e6d,e6d.es,,,46612.0,
1566,OJD,elcafedepipa,elcafedepipa.com,,,12600.0,
1567,OJD,eldiario,eldiario.es - comunidad valenciana,,,28028.0,
1568,OJD,eldiario,eldiario.es - la marina plaza,,,28028.0,
1569,OJD,elmeridiano,elmeridiano.es,,,46023.0,
1570,OJD,elperiodicodeaqui,elperiodicodeaqui.com,,,46017.0,
1571,OJD,elperiodicomediterraneo,elperiodicomediterraneo.com,,,12005.0,
1572,OJD,elperiodicvalencia,elperiodicvalencia.com,,,46600.0,
1573,OJD,emisorasmusicales,emisorasmusicales.net,,,3204.0,
1574,OJD,esdiario,esdiario.com - comunidadvalenciana,,,28006.0,
1575,OJD,europapress,europapress.es - comunitat valenciana,,,28046.0,
1576,OJD,gentdelescomarques,gentdelescomarques.com,,,46870.0,
1577,OJD,grupo digital de la marina alta (p),grupo digital de la marina alta (p),,,,
1578,OJD,hortanoticias,hortanoticias.com,,,46020.0,
1579,OJD,infonord,infonord.es,,,12600.0,
1580,OJD,infoturia,infoturia.com,,,46183.0,
1581,OJD,intercomarcal,intercomarcal.com,,,3410.0,
1582,OJD,interdiario,interdiario.es,,,46020.0,
1583,OJD,javea,javea.com,,,3700.0,
1584,OJD,lamarinaalta,lamarinaalta.com,,,3700.0,
1585,OJD,laveudelliria,laveudelliria.com,,,46190.0,
1586,OJD,lesmuntanyes,lesmuntanyes.com,,,3801.0,
1587,OJD,levante-emv,levante-emv.com,,,46014.0,
1588,OJD,lletraferit,lletraferit.com,,,46010.0,
1589,OJD,marinaalta,marinaalta.es,,,3700.0,
1590,OJD,monover,monover.com,,,3640.0,
1591,OJD,nosaltreslaveu,nosaltreslaveu.cat,,,8221.0,
1592,OJD,nostresport,nostresport.com,,,46019.0,
1593,OJD,noticiascv,noticiascv.com,,,46010.0,
1594,OJD,officialpress,officialpress.es,,,46185.0,
1595,OJD,pagina66,pagina66.com,,,3801.0,
1596,OJD,portaldexativa,portaldexativa.es,,,46800.0,
1597,OJD,proximiatv,proximiatv.com,,,46005.0,
1598,OJD,radiobanda,radiobanda.com,,,46869.0,
1599,OJD,radioesport914,radioesport914.com,,,46015.0,
1600,OJD,radiolitoral,radiolitoral.com,,,3720.0,
1601,OJD,revistauala,revistauala.com,,,3690.0,
1602,OJD,teleelx,teleelx.es,,,3202.0,
1603,OJD,teuladamorairadigital,teuladamorairadigital.es,,,3725.0,
1604,OJD,tv-a,tv-a.es,,,3420.0,
1605,OJD,valenciabase,valenciabase.com,,,12560.0,
1606,OJD,valenciabonita,valenciabonita.es,,,46970.0,
1607,OJD,valenciacity,valenciacity.es,,,46005.0,
1608,OJD,valenciadiari,valenciadiari.com,,,46007.0,
1609,OJD,valencianews,valencianews.es,,,46004.0,
1610,OJD,valencianoticias,valencianoticias.com,,,46130.0,
1611,OJD,valenciaplaza,valenciaplaza.com,,,46002.0,
1612,OJD,vila-realinformacio,vila-realinformacio.com,,,12004.0,
1613,OJD,viuvalencia,viuvalencia.com,,,46017.0,
1614,OJD,xabiaaldia,xabiaaldia.com,,,3725.0,
1615,OJD,artsmallorca,artsmallorca.com,,,7184.0,
1616,OJD,baleares-sinfronteras,baleares-sinfronteras.com,,,7002.0,
1617,OJD,canal4diario,canal4diario.com,,,7121.0,07121
1618,OJD,cronicabalear,cronicabalear.es,,,7004.0,
1619,OJD,diariodeibiza,diariodeibiza.es,,,7800.0,
1620,OJD,diariodemarratxi,diariodemarratxi.com,,,7009.0,
1621,OJD,economiademallorca,economiademallorca.com,,,30100.0,
1622,OJD,eldiario,eldiario.es - illes balears,,,28028.0,
1623,OJD,europapress,europapress.es - illes balears,,,28046.0,
1624,OJD,futboldesdemallorca,futboldesdemallorca.com,,,7006.0,
1625,OJD,gacetanautica,gacetanautica.es,,,7009.0,
1626,OJD,majorcadailybulletin,majorcadailybulletin.com,,,7011.0,
1627,OJD,mallorcaconfidencial,mallorcaconfidencial.com,,,7013.0,
1628,OJD,mallorcamagazin,mallorcamagazin.com,,,7011.0,
1629,OJD,mallorcazeitung,mallorcazeitung.es,,,7006.0,
1630,OJD,manacornoticias,manacornoticias.com,,,7500.0,
1631,OJD,okdiario,okdiario.com - okbaleares,,,28033.0,
1632,OJD,pasionporelmar,pasionporelmar.com,,,7005.0,
1633,OJD,periodicodeibiza,periodicodeibiza.es,,,7800.0,
1634,OJD,rac1,rac1.cat,,,8036.0,
1635,OJD,elnacional,elnacional.cat - català,,,8029.0,
1636,OJD,grup elmon,grup elmon.cat,,,8221.0,
1637,OJD,beteve,beteve.cat,,,8018.0,
1638,OJD,e-noticies - e-noticies,e-noticies - e-noticies.cat,,,8025.0,
1639,OJD,regió7,regió7.cat,,,8243.0,
1640,OJD,catalunyadiari,catalunyadiari.com,,,8006.0,
1641,OJD,grup racocatala (p),grup racocatala (p),,,8010.0,
1642,OJD,emporda,emporda.info,,,17600.0,17600
1643,OJD,elperiodico,elperiodico.cat,,,8908.0,
1644,OJD,som,som,,,8020.0,
1645,OJD,línia comunicació21,línia comunicació21,,,8013.0,
1646,OJD,catalunyareligio,catalunyareligio.cat - català,,,8025.0,
1647,OJD,radiosabadell,radiosabadell.fm,,,8202.0,
1648,OJD,monesport,monesport.cat,,,8221.0,
1649,OJD,liniaxarxa,liniaxarxa.cat,,,8013.0,
1650,OJD,cugat,cugat.cat,,,8172.0,
1651,OJD,eltriangle,eltriangle.eu - catala,,,8029.0,
1652,OJD,firescatalanes,firescatalanes.cat,,,8750.0,
1653,OJD,viumolinsderei,viumolinsderei.com,,,8750.0,
1654,OJD,elperiòdic,elperiòdic.ad,,,,
1655,OJD,viurealspirineus,viurealspirineus.cat,,,25700.0,
1656,OJD,junior-report,junior-report.cat,,,8010.0,08010
1657,OJD,thenewbarcelonapost,thenewbarcelonapost.cat - catala,,,8008.0,
1658,OJD,petitsapiens,petitsapiens.cat,,,8020.0,
1660,OJD,novatarrega,novatarrega.cat,,,25300.0,
1661,OJD,orgull,orgull.barcelona,,,8025.0,
1662,OJD,pirineustv,pirineustv.cat,,,25700.0,
1663,OJD,ràdio ciutat de tarragona,ràdio ciutat de tarragona,,,43005.0,
1664,OJD,pirineusdigital,pirineusdigital.cat,,,25700.0,
1665,OJD,culturab,culturab.cat,,,8025.0,
1667,OJD,aldia,aldia.cat,,,8015.0,
1668,OJD,sommontornes,sommontornes.cat,,,8020.0,
1669,OJD,plaurgelltv,plaurgelltv.cat,,,25007.0,
1672,OJD,garriguestv,garriguestv.cat,,,25007.0,
1673,OJD,sommontmelo,sommontmelo.cat,,,8020.0,
1674,OJD,amic,amic,,,8007.0,
1675,OJD,segarratv,segarratv.cat,,,25007.0,
1676,OJD,amicficcions,amicficcions.cat,,,8007.0,
1677,OJD,segriatv,segriatv.cat,,,25007.0,
1678,OJD,nogueratv,nogueratv.cat,,,25007.0,
1679,OJD,baix camp radio,baix camp radio,,,43005.0,
1680,OJD,ebreexperience,ebreexperience.com,,,43007.0,
1681,OJD,radiovalira,radiovalira.ad,,,25700.0,
1682,OJD,urgelltv,urgelltv.cat,,,25007.0,
1683,OJD,21radio,21radio.cat,,,3500.0,
1684,OJD,aue,aue.cat,,,25007.0,
1685,OJD,fembase,fembase.cat,,,25001.0,
1686,OJD,amicib,amicib.media,,,8007.0,
